module,prereq
module_57,module_56
module_58,module_57
module_61,module_60
module_64,module_63
module_65,module_64
module_46,module_59
module_48,module_59
module_49,module_59
module_50,module_59
module_51,module_47
module_66,module_59
module_53,module_46
module_53,module_47
module_53,module_48
module_53,module_49
module_53,module_50
module_53,module_51
module_53,module_52
module_53,module_54
module_53,module_55
module_53,module_56
module_53,module_57
module_53,module_58
module_53,module_59
module_53,module_60
module_53,module_61
module_53,module_62
module_53,module_63
module_53,module_64
module_53,module_65
module_53,module_66
module_53,module_67
module_53,module_68
module_53,module_69
module_54,module_46
module_54,module_47
module_54,module_48
module_54,module_49
module_54,module_50
module_54,module_51
module_54,module_52
module_54,module_53
module_54,module_55
module_54,module_56
module_54,module_57
module_54,module_58
module_54,module_59
module_54,module_60
module_54,module_61
module_54,module_62
module_54,module_63
module_54,module_64
module_54,module_65
module_54,module_66
module_54,module_67
module_54,module_68
module_54,module_69
module_55,module_46
module_55,module_47
module_55,module_48
module_55,module_49
module_55,module_50
module_55,module_51
module_55,module_52
module_55,module_53
module_55,module_54
module_55,module_56
module_55,module_57
module_55,module_58
module_55,module_59
module_55,module_60
module_55,module_61
module_55,module_62
module_55,module_63
module_55,module_64
module_55,module_65
module_55,module_66
module_55,module_67
module_55,module_68
module_55,module_69
module_52,module_46
module_52,module_47
module_52,module_48
module_52,module_49
module_52,module_50
module_52,module_51
module_52,module_53
module_52,module_54
module_52,module_55
module_52,module_56
module_52,module_57
module_52,module_58
module_52,module_59
module_52,module_60
module_52,module_61
module_52,module_62
module_52,module_63
module_52,module_64
module_52,module_65
module_52,module_66
module_52,module_67
module_52,module_68
module_52,module_69
