user_id,quiz_id,course_id,module_id,score,quiz_points_possible,quiz_mastery,attempt
38,157,course_4,module_56,5.0,20.0,0.25,2
39,70,course_4,module_46,18.0,20.0,0.9,1
39,71,course_4,module_46,18.0,20.0,0.9,1
39,72,course_4,module_46,19.0,20.0,0.95,1
39,73,course_4,module_46,18.0,20.0,0.9,1
39,74,course_4,module_46,18.0,20.0,0.9,1
39,75,course_4,module_46,18.0,20.0,0.9,1
39,76,course_4,module_46,19.0,20.0,0.95,1
39,77,course_4,module_46,20.0,20.0,1.0,1
39,78,course_4,module_46,18.0,20.0,0.9,1
39,79,course_4,module_46,18.0,20.0,0.9,1
39,80,course_4,module_46,18.0,20.0,0.9,1
39,81,course_4,module_46,19.0,20.0,0.95,1
39,95,course_4,module_48,19.0,20.0,0.95,1
39,96,course_4,module_48,18.0,20.0,0.9,1
39,97,course_4,module_48,18.0,20.0,0.9,1
39,98,course_4,module_48,18.0,20.0,0.9,1
39,99,course_4,module_48,18.0,20.0,0.9,1
39,100,course_4,module_48,19.0,20.0,0.95,1
39,101,course_4,module_48,18.0,20.0,0.9,1
39,102,course_4,module_48,18.0,20.0,0.9,1
39,103,course_4,module_48,18.0,20.0,0.9,1
39,104,course_4,module_49,18.0,20.0,0.9,1
39,105,course_4,module_49,18.0,20.0,0.9,1
39,106,course_4,module_49,18.0,20.0,0.9,1
39,107,course_4,module_49,19.0,20.0,0.95,1
39,108,course_4,module_49,19.0,20.0,0.95,1
39,109,course_4,module_49,19.0,20.0,0.95,1
39,110,course_4,module_49,19.0,20.0,0.95,1
39,111,course_4,module_49,18.0,20.0,0.9,1
39,153,course_4,module_56,18.0,20.0,0.9,14
39,154,course_4,module_56,18.0,20.0,0.9,4
39,155,course_4,module_56,19.0,20.0,0.95,4
39,156,course_4,module_56,18.0,20.0,0.9,4
39,157,course_4,module_56,18.0,20.0,0.9,14
39,158,course_4,module_56,18.0,20.0,0.9,5
39,159,course_4,module_56,17.0,20.0,0.85,13
39,160,course_4,module_56,18.0,20.0,0.9,4
39,161,course_4,module_57,19.0,20.0,0.95,2
39,163,course_4,module_57,18.0,20.0,0.9,1
39,164,course_4,module_57,19.0,20.0,0.95,1
39,165,course_4,module_57,19.0,20.0,0.95,1
39,166,course_4,module_57,19.0,20.0,0.95,2
39,167,course_4,module_58,18.0,20.0,0.9,2
39,168,course_4,module_58,18.0,20.0,0.9,2
39,169,course_4,module_58,18.0,20.0,0.9,1
39,170,course_4,module_58,18.0,20.0,0.9,1
39,171,course_4,module_58,19.0,20.0,0.95,1
39,172,course_4,module_58,19.0,20.0,0.95,2
39,173,course_4,module_58,18.0,20.0,0.9,2
39,174,course_4,module_58,18.0,20.0,0.9,1
39,175,course_4,module_58,18.0,20.0,0.9,2
39,176,course_4,module_58,18.0,20.0,0.9,2
39,177,course_4,module_58,19.0,20.0,0.95,1
39,178,course_4,module_59,18.0,20.0,0.9,1
39,179,course_4,module_59,19.0,20.0,0.95,1
39,180,course_4,module_59,18.0,20.0,0.9,1
39,181,course_4,module_59,19.0,20.0,0.95,1
39,182,course_4,module_59,18.0,20.0,0.9,1
39,183,course_4,module_59,18.0,20.0,0.9,1
39,184,course_4,module_59,18.0,20.0,0.9,1
39,185,course_4,module_59,19.0,20.0,0.95,1
39,186,course_4,module_59,18.0,20.0,0.9,1
39,187,course_4,module_59,19.0,20.0,0.95,1
39,256,course_4,module_66,18.0,20.0,0.9,1
39,257,course_4,module_66,19.0,20.0,0.95,1
39,258,course_4,module_66,18.0,20.0,0.9,1
39,259,course_4,module_66,18.0,20.0,0.9,1
39,260,course_4,module_66,18.0,20.0,0.9,1
39,261,course_4,module_66,19.0,20.0,0.95,1
39,262,course_4,module_66,19.0,20.0,0.95,1
39,263,course_4,module_66,18.0,20.0,0.9,1
39,264,course_4,module_66,19.0,20.0,0.95,1
40,70,course_4,module_46,19.0,20.0,0.95,1
40,71,course_4,module_46,17.0,20.0,0.85,1
40,72,course_4,module_46,17.0,20.0,0.85,1
40,73,course_4,module_46,17.0,20.0,0.85,1
40,74,course_4,module_46,16.0,20.0,0.8,1
40,75,course_4,module_46,17.0,20.0,0.85,1
40,76,course_4,module_46,15.0,20.0,0.75,1
40,77,course_4,module_46,17.0,20.0,0.85,1
40,78,course_4,module_46,15.0,20.0,0.75,1
40,79,course_4,module_46,18.0,20.0,0.9,1
40,80,course_4,module_46,17.0,20.0,0.85,1
40,81,course_4,module_46,17.0,20.0,0.85,1
40,95,course_4,module_48,16.0,20.0,0.8,1
40,96,course_4,module_48,16.0,20.0,0.8,1
40,97,course_4,module_48,17.0,20.0,0.85,1
40,98,course_4,module_48,18.0,20.0,0.9,1
40,99,course_4,module_48,16.0,20.0,0.8,1
40,100,course_4,module_48,16.0,20.0,0.8,1
40,101,course_4,module_48,16.0,20.0,0.8,1
40,102,course_4,module_48,17.0,20.0,0.85,1
40,103,course_4,module_48,17.0,20.0,0.85,1
40,104,course_4,module_49,16.0,20.0,0.8,1
40,105,course_4,module_49,17.0,20.0,0.85,1
40,106,course_4,module_49,16.0,20.0,0.8,1
40,107,course_4,module_49,18.0,20.0,0.9,1
40,108,course_4,module_49,17.0,20.0,0.85,1
40,109,course_4,module_49,16.0,20.0,0.8,1
40,110,course_4,module_49,15.0,20.0,0.75,1
40,111,course_4,module_49,16.0,20.0,0.8,1
40,153,course_4,module_56,18.0,20.0,0.9,4
40,154,course_4,module_56,19.0,20.0,0.95,4
40,155,course_4,module_56,19.0,20.0,0.95,4
40,156,course_4,module_56,19.0,20.0,0.95,2
40,157,course_4,module_56,19.0,20.0,0.95,4
40,158,course_4,module_56,20.0,20.0,1.0,4
40,159,course_4,module_56,18.0,20.0,0.9,4
40,160,course_4,module_56,19.0,20.0,0.95,4
40,161,course_4,module_57,19.0,20.0,0.95,2
40,163,course_4,module_57,18.0,20.0,0.9,1
40,164,course_4,module_57,18.0,20.0,0.9,1
40,165,course_4,module_57,18.0,20.0,0.9,1
40,166,course_4,module_57,19.0,20.0,0.95,1
40,167,course_4,module_58,18.0,20.0,0.9,1
40,168,course_4,module_58,19.0,20.0,0.95,1
40,169,course_4,module_58,18.0,20.0,0.9,1
40,170,course_4,module_58,19.0,20.0,0.95,1
40,171,course_4,module_58,18.0,20.0,0.9,1
40,172,course_4,module_58,20.0,20.0,1.0,1
40,173,course_4,module_58,18.0,20.0,0.9,1
40,174,course_4,module_58,19.0,20.0,0.95,1
40,175,course_4,module_58,18.0,20.0,0.9,1
40,176,course_4,module_58,18.0,20.0,0.9,1
40,177,course_4,module_58,19.0,20.0,0.95,1
40,178,course_4,module_59,15.0,20.0,0.75,1
40,179,course_4,module_59,16.0,20.0,0.8,1
40,180,course_4,module_59,16.0,20.0,0.8,1
40,181,course_4,module_59,17.0,20.0,0.85,1
40,182,course_4,module_59,18.0,20.0,0.9,1
40,183,course_4,module_59,15.0,20.0,0.75,1
40,184,course_4,module_59,17.0,20.0,0.85,1
40,185,course_4,module_59,16.0,20.0,0.8,1
40,186,course_4,module_59,17.0,20.0,0.85,1
40,187,course_4,module_59,16.0,20.0,0.8,1
40,256,course_4,module_66,17.0,20.0,0.85,1
40,257,course_4,module_66,17.0,20.0,0.85,1
40,258,course_4,module_66,15.0,20.0,0.75,1
40,259,course_4,module_66,17.0,20.0,0.85,1
40,260,course_4,module_66,16.0,20.0,0.8,1
40,261,course_4,module_66,15.0,20.0,0.75,1
40,262,course_4,module_66,15.0,20.0,0.75,1
40,263,course_4,module_66,16.0,20.0,0.8,1
40,264,course_4,module_66,16.0,20.0,0.8,1
41,153,course_4,module_56,16.0,20.0,0.8,2
41,154,course_4,module_56,16.0,20.0,0.8,2
41,155,course_4,module_56,16.0,20.0,0.8,2
41,156,course_4,module_56,18.0,20.0,0.9,2
41,157,course_4,module_56,16.0,20.0,0.8,2
41,158,course_4,module_56,16.0,20.0,0.8,2
41,159,course_4,module_56,16.0,20.0,0.8,2
41,160,course_4,module_56,16.0,20.0,0.8,2
41,161,course_4,module_57,15.0,20.0,0.75,2
41,163,course_4,module_57,15.0,20.0,0.75,1
41,164,course_4,module_57,15.0,20.0,0.75,1
41,165,course_4,module_57,16.0,20.0,0.8,1
41,166,course_4,module_57,18.0,20.0,0.9,1
41,167,course_4,module_58,16.0,20.0,0.8,1
41,168,course_4,module_58,17.0,20.0,0.85,1
41,169,course_4,module_58,16.0,20.0,0.8,1
41,170,course_4,module_58,15.0,20.0,0.75,1
41,171,course_4,module_58,16.0,20.0,0.8,1
41,172,course_4,module_58,16.0,20.0,0.8,1
41,173,course_4,module_58,16.0,20.0,0.8,1
41,174,course_4,module_58,17.0,20.0,0.85,1
41,175,course_4,module_58,16.0,20.0,0.8,1
41,176,course_4,module_58,18.0,20.0,0.9,1
41,177,course_4,module_58,18.0,20.0,0.9,1
41,178,course_4,module_59,14.0,20.0,0.7,1
41,179,course_4,module_59,15.0,20.0,0.75,1
41,180,course_4,module_59,12.0,20.0,0.6,1
41,181,course_4,module_59,14.0,20.0,0.7,1
41,182,course_4,module_59,15.0,20.0,0.75,1
41,183,course_4,module_59,15.0,20.0,0.75,1
41,184,course_4,module_59,15.0,20.0,0.75,1
41,185,course_4,module_59,13.0,20.0,0.65,1
41,186,course_4,module_59,14.0,20.0,0.7,1
41,187,course_4,module_59,13.0,20.0,0.65,1
42,70,course_4,module_46,15.0,20.0,0.75,1
42,71,course_4,module_46,15.0,20.0,0.75,1
42,72,course_4,module_46,15.0,20.0,0.75,1
42,73,course_4,module_46,18.0,20.0,0.9,1
42,74,course_4,module_46,15.0,20.0,0.75,1
42,75,course_4,module_46,16.0,20.0,0.8,1
42,76,course_4,module_46,17.0,20.0,0.85,1
42,77,course_4,module_46,15.0,20.0,0.75,1
42,78,course_4,module_46,17.0,20.0,0.85,1
42,79,course_4,module_46,19.0,20.0,0.95,1
42,80,course_4,module_46,15.0,20.0,0.75,1
42,81,course_4,module_46,15.0,20.0,0.75,1
42,95,course_4,module_48,17.0,20.0,0.85,1
42,96,course_4,module_48,17.0,20.0,0.85,1
42,97,course_4,module_48,15.0,20.0,0.75,1
42,98,course_4,module_48,15.0,20.0,0.75,1
42,99,course_4,module_48,17.0,20.0,0.85,1
42,100,course_4,module_48,15.0,20.0,0.75,1
42,101,course_4,module_48,15.0,20.0,0.75,1
42,102,course_4,module_48,17.0,20.0,0.85,1
42,103,course_4,module_48,17.0,20.0,0.85,1
42,104,course_4,module_49,16.0,20.0,0.8,1
42,105,course_4,module_49,17.0,20.0,0.85,1
42,106,course_4,module_49,16.0,20.0,0.8,1
42,107,course_4,module_49,16.0,20.0,0.8,1
42,108,course_4,module_49,15.0,20.0,0.75,1
42,109,course_4,module_49,16.0,20.0,0.8,1
42,110,course_4,module_49,15.0,20.0,0.75,1
42,111,course_4,module_49,16.0,20.0,0.8,1
42,153,course_4,module_56,14.0,20.0,0.7,2
42,154,course_4,module_56,15.0,20.0,0.75,2
42,155,course_4,module_56,12.0,20.0,0.6,2
42,156,course_4,module_56,14.0,20.0,0.7,2
42,157,course_4,module_56,13.0,20.0,0.65,2
42,158,course_4,module_56,15.0,20.0,0.75,2
42,159,course_4,module_56,13.0,20.0,0.65,2
42,160,course_4,module_56,12.0,20.0,0.6,2
42,161,course_4,module_57,12.0,20.0,0.6,2
42,163,course_4,module_57,13.0,20.0,0.65,1
42,164,course_4,module_57,15.0,20.0,0.75,1
42,165,course_4,module_57,13.0,20.0,0.65,1
42,166,course_4,module_57,15.0,20.0,0.75,1
42,167,course_4,module_58,16.0,20.0,0.8,1
42,168,course_4,module_58,14.0,20.0,0.7,1
42,169,course_4,module_58,14.0,20.0,0.7,1
42,170,course_4,module_58,14.0,20.0,0.7,1
42,171,course_4,module_58,16.0,20.0,0.8,1
42,172,course_4,module_58,14.0,20.0,0.7,1
42,173,course_4,module_58,13.0,20.0,0.65,1
42,174,course_4,module_58,12.0,20.0,0.6,1
42,175,course_4,module_58,13.0,20.0,0.65,1
42,176,course_4,module_58,13.0,20.0,0.65,1
42,177,course_4,module_58,14.0,20.0,0.7,1
42,178,course_4,module_59,15.0,20.0,0.75,1
42,179,course_4,module_59,17.0,20.0,0.85,1
42,180,course_4,module_59,17.0,20.0,0.85,1
42,181,course_4,module_59,17.0,20.0,0.85,1
42,182,course_4,module_59,17.0,20.0,0.85,1
42,183,course_4,module_59,17.0,20.0,0.85,1
42,184,course_4,module_59,18.0,20.0,0.9,1
42,185,course_4,module_59,17.0,20.0,0.85,1
42,186,course_4,module_59,15.0,20.0,0.75,1
42,187,course_4,module_59,15.0,20.0,0.75,1
42,256,course_4,module_66,15.0,20.0,0.75,1
42,257,course_4,module_66,16.0,20.0,0.8,1
42,258,course_4,module_66,17.0,20.0,0.85,1
42,259,course_4,module_66,18.0,20.0,0.9,1
42,260,course_4,module_66,16.0,20.0,0.8,1
42,261,course_4,module_66,16.0,20.0,0.8,1
42,262,course_4,module_66,16.0,20.0,0.8,1
42,263,course_4,module_66,15.0,20.0,0.75,1
42,264,course_4,module_66,16.0,20.0,0.8,1
43,70,course_4,module_46,15.0,20.0,0.75,1
43,71,course_4,module_46,15.0,20.0,0.75,1
43,72,course_4,module_46,16.0,20.0,0.8,1
43,73,course_4,module_46,16.0,20.0,0.8,1
43,74,course_4,module_46,16.0,20.0,0.8,1
43,75,course_4,module_46,17.0,20.0,0.85,1
43,76,course_4,module_46,17.0,20.0,0.85,1
43,77,course_4,module_46,16.0,20.0,0.8,1
43,78,course_4,module_46,16.0,20.0,0.8,1
43,79,course_4,module_46,17.0,20.0,0.85,1
43,80,course_4,module_46,16.0,20.0,0.8,1
43,81,course_4,module_46,17.0,20.0,0.85,1
43,95,course_4,module_48,16.0,20.0,0.8,1
43,99,course_4,module_48,16.0,20.0,0.8,1
43,100,course_4,module_48,16.0,20.0,0.8,1
43,102,course_4,module_48,16.0,20.0,0.8,1
43,104,course_4,module_49,17.0,20.0,0.85,1
43,105,course_4,module_49,16.0,20.0,0.8,1
43,106,course_4,module_49,16.0,20.0,0.8,1
43,107,course_4,module_49,16.0,20.0,0.8,1
43,108,course_4,module_49,18.0,20.0,0.9,1
43,109,course_4,module_49,17.0,20.0,0.85,1
43,110,course_4,module_49,16.0,20.0,0.8,1
43,111,course_4,module_49,17.0,20.0,0.85,1
43,153,course_4,module_56,18.0,20.0,0.9,2
43,154,course_4,module_56,19.0,20.0,0.95,2
43,155,course_4,module_56,16.0,20.0,0.8,2
43,156,course_4,module_56,15.0,20.0,0.75,2
43,157,course_4,module_56,15.0,20.0,0.75,2
43,158,course_4,module_56,16.0,20.0,0.8,2
43,159,course_4,module_56,17.0,20.0,0.85,2
43,160,course_4,module_56,17.0,20.0,0.85,2
43,161,course_4,module_57,17.0,20.0,0.85,2
43,163,course_4,module_57,17.0,20.0,0.85,1
43,164,course_4,module_57,17.0,20.0,0.85,1
43,165,course_4,module_57,16.0,20.0,0.8,1
43,166,course_4,module_57,17.0,20.0,0.85,1
43,167,course_4,module_58,18.0,20.0,0.9,1
43,168,course_4,module_58,15.0,20.0,0.75,1
43,169,course_4,module_58,18.0,20.0,0.9,1
43,170,course_4,module_58,16.0,20.0,0.8,1
43,171,course_4,module_58,15.0,20.0,0.75,1
43,172,course_4,module_58,16.0,20.0,0.8,1
43,173,course_4,module_58,16.0,20.0,0.8,1
43,174,course_4,module_58,16.0,20.0,0.8,1
43,175,course_4,module_58,16.0,20.0,0.8,1
43,176,course_4,module_58,16.0,20.0,0.8,1
43,177,course_4,module_58,15.0,20.0,0.75,1
43,178,course_4,module_59,17.0,20.0,0.85,1
43,179,course_4,module_59,17.0,20.0,0.85,1
43,180,course_4,module_59,15.0,20.0,0.75,1
43,181,course_4,module_59,15.0,20.0,0.75,1
43,182,course_4,module_59,16.0,20.0,0.8,1
43,183,course_4,module_59,17.0,20.0,0.85,1
43,184,course_4,module_59,16.0,20.0,0.8,1
43,185,course_4,module_59,16.0,20.0,0.8,1
43,186,course_4,module_59,18.0,20.0,0.9,1
43,187,course_4,module_59,17.0,20.0,0.85,1
43,256,course_4,module_66,16.0,20.0,0.8,1
43,257,course_4,module_66,17.0,20.0,0.85,1
43,258,course_4,module_66,17.0,20.0,0.85,1
43,259,course_4,module_66,15.0,20.0,0.75,1
43,260,course_4,module_66,17.0,20.0,0.85,1
43,261,course_4,module_66,16.0,20.0,0.8,1
43,262,course_4,module_66,17.0,20.0,0.85,1
43,264,course_4,module_66,17.0,20.0,0.85,1
44,70,course_4,module_46,19.0,20.0,0.95,1
44,71,course_4,module_46,19.0,20.0,0.95,1
44,72,course_4,module_46,18.0,20.0,0.9,1
44,73,course_4,module_46,18.0,20.0,0.9,1
44,74,course_4,module_46,19.0,20.0,0.95,1
44,75,course_4,module_46,18.0,20.0,0.9,1
44,76,course_4,module_46,19.0,20.0,0.95,1
44,77,course_4,module_46,18.0,20.0,0.9,1
44,78,course_4,module_46,19.0,20.0,0.95,1
44,79,course_4,module_46,18.0,20.0,0.9,1
44,80,course_4,module_46,18.0,20.0,0.9,1
44,81,course_4,module_46,19.0,20.0,0.95,1
44,95,course_4,module_48,18.0,20.0,0.9,1
44,96,course_4,module_48,18.0,20.0,0.9,1
44,97,course_4,module_48,18.0,20.0,0.9,1
44,98,course_4,module_48,19.0,20.0,0.95,1
44,99,course_4,module_48,18.0,20.0,0.9,1
44,100,course_4,module_48,18.0,20.0,0.9,1
44,101,course_4,module_48,19.0,20.0,0.95,1
44,102,course_4,module_48,19.0,20.0,0.95,1
44,103,course_4,module_48,18.0,20.0,0.9,1
44,104,course_4,module_49,19.0,20.0,0.95,1
44,105,course_4,module_49,18.0,20.0,0.9,1
44,106,course_4,module_49,18.0,20.0,0.9,1
44,107,course_4,module_49,18.0,20.0,0.9,1
44,108,course_4,module_49,19.0,20.0,0.95,1
44,109,course_4,module_49,18.0,20.0,0.9,1
44,110,course_4,module_49,19.0,20.0,0.95,1
44,111,course_4,module_49,19.0,20.0,0.95,1
44,153,course_4,module_56,7.0,20.0,0.35,1
44,154,course_4,module_56,16.0,20.0,0.8,2
44,155,course_4,module_56,3.0,20.0,0.15,1
44,156,course_4,module_56,13.0,20.0,0.65,2
44,157,course_4,module_56,13.0,20.0,0.65,2
44,158,course_4,module_56,15.0,20.0,0.75,2
44,159,course_4,module_56,13.0,20.0,0.65,2
44,160,course_4,module_56,13.0,20.0,0.65,1
44,178,course_4,module_59,18.0,20.0,0.9,1
44,179,course_4,module_59,19.0,20.0,0.95,1
44,180,course_4,module_59,19.0,20.0,0.95,1
44,181,course_4,module_59,18.0,20.0,0.9,1
44,182,course_4,module_59,18.0,20.0,0.9,1
44,183,course_4,module_59,18.0,20.0,0.9,1
44,184,course_4,module_59,18.0,20.0,0.9,1
44,185,course_4,module_59,18.0,20.0,0.9,1
44,186,course_4,module_59,18.0,20.0,0.9,1
44,187,course_4,module_59,18.0,20.0,0.9,1
44,256,course_4,module_66,19.0,20.0,0.95,1
44,257,course_4,module_66,18.0,20.0,0.9,1
44,258,course_4,module_66,19.0,20.0,0.95,1
44,259,course_4,module_66,18.0,20.0,0.9,1
44,260,course_4,module_66,18.0,20.0,0.9,1
44,261,course_4,module_66,18.0,20.0,0.9,1
44,262,course_4,module_66,19.0,20.0,0.95,1
44,263,course_4,module_66,18.0,20.0,0.9,1
44,264,course_4,module_66,19.0,20.0,0.95,1
45,70,course_4,module_46,19.0,20.0,0.95,1
45,71,course_4,module_46,19.0,20.0,0.95,1
45,72,course_4,module_46,19.0,20.0,0.95,1
45,73,course_4,module_46,19.0,20.0,0.95,1
45,74,course_4,module_46,18.0,20.0,0.9,1
45,75,course_4,module_46,19.0,20.0,0.95,1
45,76,course_4,module_46,18.0,20.0,0.9,1
45,77,course_4,module_46,18.0,20.0,0.9,1
45,78,course_4,module_46,18.0,20.0,0.9,1
45,79,course_4,module_46,18.0,20.0,0.9,1
45,80,course_4,module_46,18.0,20.0,0.9,1
45,81,course_4,module_46,19.0,20.0,0.95,1
45,95,course_4,module_48,18.0,20.0,0.9,1
45,96,course_4,module_48,18.0,20.0,0.9,1
45,97,course_4,module_48,18.0,20.0,0.9,1
45,98,course_4,module_48,19.0,20.0,0.95,1
45,99,course_4,module_48,18.0,20.0,0.9,1
45,100,course_4,module_48,18.0,20.0,0.9,1
45,101,course_4,module_48,18.0,20.0,0.9,1
45,102,course_4,module_48,18.0,20.0,0.9,1
45,103,course_4,module_48,19.0,20.0,0.95,1
45,104,course_4,module_49,18.0,20.0,0.9,1
45,105,course_4,module_49,20.0,20.0,1.0,1
45,106,course_4,module_49,20.0,20.0,1.0,1
45,107,course_4,module_49,19.0,20.0,0.95,1
45,108,course_4,module_49,20.0,20.0,1.0,1
45,109,course_4,module_49,19.0,20.0,0.95,1
45,110,course_4,module_49,19.0,20.0,0.95,1
45,111,course_4,module_49,18.0,20.0,0.9,1
45,153,course_4,module_56,15.0,20.0,0.75,2
45,154,course_4,module_56,15.0,20.0,0.75,2
45,155,course_4,module_56,15.0,20.0,0.75,2
45,156,course_4,module_56,16.0,20.0,0.8,2
45,157,course_4,module_56,19.0,20.0,0.95,2
45,158,course_4,module_56,17.0,20.0,0.85,2
45,159,course_4,module_56,16.0,20.0,0.8,2
45,160,course_4,module_56,15.0,20.0,0.75,2
45,161,course_4,module_57,15.0,20.0,0.75,1
45,164,course_4,module_57,17.0,20.0,0.85,1
45,165,course_4,module_57,16.0,20.0,0.8,1
45,178,course_4,module_59,19.0,20.0,0.95,1
45,179,course_4,module_59,19.0,20.0,0.95,1
45,180,course_4,module_59,18.0,20.0,0.9,1
45,181,course_4,module_59,18.0,20.0,0.9,1
45,182,course_4,module_59,18.0,20.0,0.9,1
45,183,course_4,module_59,18.0,20.0,0.9,1
45,184,course_4,module_59,19.0,20.0,0.95,1
45,185,course_4,module_59,18.0,20.0,0.9,1
45,186,course_4,module_59,18.0,20.0,0.9,1
45,187,course_4,module_59,19.0,20.0,0.95,1
45,256,course_4,module_66,19.0,20.0,0.95,1
45,257,course_4,module_66,19.0,20.0,0.95,1
45,258,course_4,module_66,19.0,20.0,0.95,1
45,259,course_4,module_66,19.0,20.0,0.95,1
45,260,course_4,module_66,19.0,20.0,0.95,1
45,261,course_4,module_66,18.0,20.0,0.9,1
45,262,course_4,module_66,18.0,20.0,0.9,1
45,263,course_4,module_66,18.0,20.0,0.9,1
45,264,course_4,module_66,18.0,20.0,0.9,1
46,153,course_4,module_56,18.0,20.0,0.9,2
46,154,course_4,module_56,19.0,20.0,0.95,2
46,155,course_4,module_56,18.0,20.0,0.9,2
46,156,course_4,module_56,19.0,20.0,0.95,2
46,157,course_4,module_56,19.0,20.0,0.95,2
46,158,course_4,module_56,18.0,20.0,0.9,2
46,159,course_4,module_56,19.0,20.0,0.95,2
46,160,course_4,module_56,18.0,20.0,0.9,2
46,161,course_4,module_57,19.0,20.0,0.95,2
46,163,course_4,module_57,18.0,20.0,0.9,1
46,164,course_4,module_57,19.0,20.0,0.95,1
46,165,course_4,module_57,18.0,20.0,0.9,1
46,166,course_4,module_57,19.0,20.0,0.95,1
46,167,course_4,module_58,19.0,20.0,0.95,1
46,168,course_4,module_58,19.0,20.0,0.95,1
46,169,course_4,module_58,18.0,20.0,0.9,1
46,170,course_4,module_58,18.0,20.0,0.9,1
46,171,course_4,module_58,19.0,20.0,0.95,1
46,172,course_4,module_58,18.0,20.0,0.9,1
46,173,course_4,module_58,18.0,20.0,0.9,1
46,174,course_4,module_58,20.0,20.0,1.0,1
46,175,course_4,module_58,19.0,20.0,0.95,1
46,176,course_4,module_58,18.0,20.0,0.9,1
46,177,course_4,module_58,18.0,20.0,0.9,1
46,178,course_4,module_59,14.0,20.0,0.7,1
46,179,course_4,module_59,14.0,20.0,0.7,1
46,180,course_4,module_59,14.0,20.0,0.7,1
46,182,course_4,module_59,14.0,20.0,0.7,1
46,183,course_4,module_59,12.0,20.0,0.6,1
46,186,course_4,module_59,15.0,20.0,0.75,1
46,187,course_4,module_59,12.0,20.0,0.6,1
47,70,course_4,module_46,15.0,20.0,0.75,1
47,71,course_4,module_46,18.0,20.0,0.9,1
47,72,course_4,module_46,16.0,20.0,0.8,1
47,73,course_4,module_46,17.0,20.0,0.85,1
47,74,course_4,module_46,15.0,20.0,0.75,1
47,75,course_4,module_46,18.0,20.0,0.9,1
47,76,course_4,module_46,18.0,20.0,0.9,1
47,77,course_4,module_46,16.0,20.0,0.8,1
47,78,course_4,module_46,16.0,20.0,0.8,1
47,79,course_4,module_46,16.0,20.0,0.8,1
47,80,course_4,module_46,15.0,20.0,0.75,1
47,81,course_4,module_46,16.0,20.0,0.8,1
47,95,course_4,module_48,18.0,20.0,0.9,1
47,96,course_4,module_48,17.0,20.0,0.85,1
47,97,course_4,module_48,16.0,20.0,0.8,1
47,98,course_4,module_48,17.0,20.0,0.85,1
47,99,course_4,module_48,17.0,20.0,0.85,1
47,100,course_4,module_48,19.0,20.0,0.95,1
47,101,course_4,module_48,16.0,20.0,0.8,1
47,102,course_4,module_48,19.0,20.0,0.95,1
47,103,course_4,module_48,16.0,20.0,0.8,1
47,104,course_4,module_49,17.0,20.0,0.85,1
47,105,course_4,module_49,16.0,20.0,0.8,1
47,106,course_4,module_49,16.0,20.0,0.8,1
47,107,course_4,module_49,16.0,20.0,0.8,1
47,108,course_4,module_49,17.0,20.0,0.85,1
47,109,course_4,module_49,16.0,20.0,0.8,1
47,110,course_4,module_49,15.0,20.0,0.75,1
47,111,course_4,module_49,16.0,20.0,0.8,1
47,153,course_4,module_56,17.0,20.0,0.85,2
47,154,course_4,module_56,16.0,20.0,0.8,2
47,155,course_4,module_56,15.0,20.0,0.75,2
47,156,course_4,module_56,16.0,20.0,0.8,2
47,157,course_4,module_56,16.0,20.0,0.8,2
47,158,course_4,module_56,16.0,20.0,0.8,2
47,159,course_4,module_56,17.0,20.0,0.85,2
47,160,course_4,module_56,17.0,20.0,0.85,2
47,161,course_4,module_57,17.0,20.0,0.85,2
47,163,course_4,module_57,16.0,20.0,0.8,1
47,164,course_4,module_57,17.0,20.0,0.85,1
47,165,course_4,module_57,16.0,20.0,0.8,1
47,166,course_4,module_57,17.0,20.0,0.85,1
47,167,course_4,module_58,17.0,20.0,0.85,1
47,168,course_4,module_58,17.0,20.0,0.85,1
47,169,course_4,module_58,15.0,20.0,0.75,1
47,170,course_4,module_58,17.0,20.0,0.85,1
47,171,course_4,module_58,16.0,20.0,0.8,1
47,172,course_4,module_58,19.0,20.0,0.95,1
47,173,course_4,module_58,17.0,20.0,0.85,1
47,174,course_4,module_58,17.0,20.0,0.85,1
47,175,course_4,module_58,16.0,20.0,0.8,1
47,176,course_4,module_58,17.0,20.0,0.85,1
47,177,course_4,module_58,17.0,20.0,0.85,1
47,178,course_4,module_59,16.0,20.0,0.8,1
47,179,course_4,module_59,18.0,20.0,0.9,1
47,180,course_4,module_59,18.0,20.0,0.9,1
47,181,course_4,module_59,15.0,20.0,0.75,1
47,182,course_4,module_59,16.0,20.0,0.8,1
47,183,course_4,module_59,17.0,20.0,0.85,1
47,184,course_4,module_59,16.0,20.0,0.8,1
47,185,course_4,module_59,16.0,20.0,0.8,1
47,186,course_4,module_59,18.0,20.0,0.9,1
47,187,course_4,module_59,17.0,20.0,0.85,1
47,256,course_4,module_66,16.0,20.0,0.8,1
47,257,course_4,module_66,17.0,20.0,0.85,1
47,258,course_4,module_66,19.0,20.0,0.95,1
47,259,course_4,module_66,16.0,20.0,0.8,1
47,260,course_4,module_66,18.0,20.0,0.9,1
47,261,course_4,module_66,17.0,20.0,0.85,1
47,262,course_4,module_66,19.0,20.0,0.95,1
47,263,course_4,module_66,15.0,20.0,0.75,1
47,264,course_4,module_66,16.0,20.0,0.8,1
48,70,course_4,module_46,16.0,20.0,0.8,1
48,71,course_4,module_46,15.0,20.0,0.75,1
48,72,course_4,module_46,17.0,20.0,0.85,1
48,73,course_4,module_46,17.0,20.0,0.85,1
48,74,course_4,module_46,16.0,20.0,0.8,1
48,75,course_4,module_46,16.0,20.0,0.8,1
48,76,course_4,module_46,17.0,20.0,0.85,1
48,77,course_4,module_46,18.0,20.0,0.9,1
48,78,course_4,module_46,17.0,20.0,0.85,1
48,79,course_4,module_46,15.0,20.0,0.75,1
48,80,course_4,module_46,16.0,20.0,0.8,1
48,81,course_4,module_46,17.0,20.0,0.85,1
48,95,course_4,module_48,16.0,20.0,0.8,1
48,96,course_4,module_48,16.0,20.0,0.8,1
48,97,course_4,module_48,17.0,20.0,0.85,1
48,98,course_4,module_48,17.0,20.0,0.85,1
48,99,course_4,module_48,17.0,20.0,0.85,1
48,100,course_4,module_48,17.0,20.0,0.85,1
48,101,course_4,module_48,17.0,20.0,0.85,1
48,102,course_4,module_48,15.0,20.0,0.75,1
48,103,course_4,module_48,15.0,20.0,0.75,1
48,104,course_4,module_49,16.0,20.0,0.8,1
48,105,course_4,module_49,15.0,20.0,0.75,1
48,106,course_4,module_49,16.0,20.0,0.8,1
48,107,course_4,module_49,15.0,20.0,0.75,1
48,108,course_4,module_49,16.0,20.0,0.8,1
48,109,course_4,module_49,18.0,20.0,0.9,1
48,110,course_4,module_49,17.0,20.0,0.85,1
48,111,course_4,module_49,15.0,20.0,0.75,1
48,153,course_4,module_56,17.0,20.0,0.85,2
48,154,course_4,module_56,16.0,20.0,0.8,2
48,155,course_4,module_56,16.0,20.0,0.8,2
48,156,course_4,module_56,17.0,20.0,0.85,2
48,157,course_4,module_56,15.0,20.0,0.75,2
48,158,course_4,module_56,15.0,20.0,0.75,2
48,159,course_4,module_56,16.0,20.0,0.8,2
48,160,course_4,module_56,17.0,20.0,0.85,2
48,161,course_4,module_57,16.0,20.0,0.8,2
48,163,course_4,module_57,17.0,20.0,0.85,1
48,164,course_4,module_57,16.0,20.0,0.8,1
48,165,course_4,module_57,17.0,20.0,0.85,1
48,166,course_4,module_57,15.0,20.0,0.75,1
48,167,course_4,module_58,17.0,20.0,0.85,1
48,168,course_4,module_58,15.0,20.0,0.75,1
48,169,course_4,module_58,16.0,20.0,0.8,1
48,170,course_4,module_58,15.0,20.0,0.75,1
48,171,course_4,module_58,17.0,20.0,0.85,1
48,172,course_4,module_58,16.0,20.0,0.8,1
48,173,course_4,module_58,17.0,20.0,0.85,1
48,174,course_4,module_58,16.0,20.0,0.8,1
48,175,course_4,module_58,16.0,20.0,0.8,1
48,176,course_4,module_58,17.0,20.0,0.85,1
48,177,course_4,module_58,17.0,20.0,0.85,1
48,178,course_4,module_59,17.0,20.0,0.85,1
48,179,course_4,module_59,15.0,20.0,0.75,1
48,180,course_4,module_59,18.0,20.0,0.9,1
48,181,course_4,module_59,15.0,20.0,0.75,1
48,182,course_4,module_59,15.0,20.0,0.75,1
48,183,course_4,module_59,16.0,20.0,0.8,1
48,184,course_4,module_59,17.0,20.0,0.85,1
48,185,course_4,module_59,15.0,20.0,0.75,1
48,186,course_4,module_59,16.0,20.0,0.8,1
48,187,course_4,module_59,16.0,20.0,0.8,1
48,256,course_4,module_66,17.0,20.0,0.85,1
48,257,course_4,module_66,15.0,20.0,0.75,1
48,258,course_4,module_66,17.0,20.0,0.85,1
48,259,course_4,module_66,16.0,20.0,0.8,1
48,260,course_4,module_66,16.0,20.0,0.8,1
48,261,course_4,module_66,15.0,20.0,0.75,1
48,262,course_4,module_66,17.0,20.0,0.85,1
48,263,course_4,module_66,15.0,20.0,0.75,1
48,264,course_4,module_66,15.0,20.0,0.75,1
49,70,course_4,module_46,18.0,20.0,0.9,1
49,71,course_4,module_46,18.0,20.0,0.9,1
49,72,course_4,module_46,19.0,20.0,0.95,1
49,73,course_4,module_46,18.0,20.0,0.9,1
49,74,course_4,module_46,20.0,20.0,1.0,1
49,75,course_4,module_46,19.0,20.0,0.95,1
49,76,course_4,module_46,18.0,20.0,0.9,1
49,77,course_4,module_46,18.0,20.0,0.9,1
49,78,course_4,module_46,18.0,20.0,0.9,1
49,79,course_4,module_46,19.0,20.0,0.95,1
49,80,course_4,module_46,20.0,20.0,1.0,1
49,81,course_4,module_46,19.0,20.0,0.95,1
49,95,course_4,module_48,19.0,20.0,0.95,1
49,96,course_4,module_48,18.0,20.0,0.9,1
49,97,course_4,module_48,19.0,20.0,0.95,1
49,98,course_4,module_48,18.0,20.0,0.9,1
49,99,course_4,module_48,19.0,20.0,0.95,1
49,100,course_4,module_48,18.0,20.0,0.9,1
49,101,course_4,module_48,19.0,20.0,0.95,1
49,102,course_4,module_48,18.0,20.0,0.9,1
49,103,course_4,module_48,18.0,20.0,0.9,1
49,104,course_4,module_49,19.0,20.0,0.95,1
49,105,course_4,module_49,18.0,20.0,0.9,1
49,106,course_4,module_49,20.0,20.0,1.0,1
49,107,course_4,module_49,18.0,20.0,0.9,1
49,108,course_4,module_49,19.0,20.0,0.95,1
49,109,course_4,module_49,20.0,20.0,1.0,1
49,110,course_4,module_49,19.0,20.0,0.95,1
49,111,course_4,module_49,19.0,20.0,0.95,1
49,153,course_4,module_56,18.0,20.0,0.9,2
49,154,course_4,module_56,18.0,20.0,0.9,2
49,155,course_4,module_56,18.0,20.0,0.9,2
49,156,course_4,module_56,19.0,20.0,0.95,2
49,157,course_4,module_56,18.0,20.0,0.9,2
49,158,course_4,module_56,18.0,20.0,0.9,2
49,159,course_4,module_56,18.0,20.0,0.9,2
49,160,course_4,module_56,18.0,20.0,0.9,2
49,161,course_4,module_57,18.0,20.0,0.9,2
49,163,course_4,module_57,19.0,20.0,0.95,1
49,164,course_4,module_57,19.0,20.0,0.95,1
49,165,course_4,module_57,19.0,20.0,0.95,1
49,166,course_4,module_57,18.0,20.0,0.9,1
49,167,course_4,module_58,19.0,20.0,0.95,1
49,168,course_4,module_58,18.0,20.0,0.9,1
49,169,course_4,module_58,19.0,20.0,0.95,1
49,170,course_4,module_58,18.0,20.0,0.9,1
49,171,course_4,module_58,19.0,20.0,0.95,1
49,172,course_4,module_58,18.0,20.0,0.9,1
49,173,course_4,module_58,18.0,20.0,0.9,1
49,174,course_4,module_58,18.0,20.0,0.9,1
49,175,course_4,module_58,18.0,20.0,0.9,1
49,176,course_4,module_58,20.0,20.0,1.0,1
49,177,course_4,module_58,18.0,20.0,0.9,1
49,178,course_4,module_59,20.0,20.0,1.0,1
49,179,course_4,module_59,19.0,20.0,0.95,1
49,180,course_4,module_59,18.0,20.0,0.9,1
49,181,course_4,module_59,19.0,20.0,0.95,1
49,182,course_4,module_59,19.0,20.0,0.95,1
49,183,course_4,module_59,18.0,20.0,0.9,1
49,184,course_4,module_59,18.0,20.0,0.9,1
49,185,course_4,module_59,18.0,20.0,0.9,1
49,186,course_4,module_59,18.0,20.0,0.9,1
49,187,course_4,module_59,18.0,20.0,0.9,1
49,256,course_4,module_66,18.0,20.0,0.9,1
49,257,course_4,module_66,19.0,20.0,0.95,1
49,258,course_4,module_66,18.0,20.0,0.9,1
49,259,course_4,module_66,18.0,20.0,0.9,1
49,260,course_4,module_66,18.0,20.0,0.9,1
49,261,course_4,module_66,20.0,20.0,1.0,1
49,262,course_4,module_66,20.0,20.0,1.0,1
49,263,course_4,module_66,19.0,20.0,0.95,1
49,264,course_4,module_66,19.0,20.0,0.95,1
50,70,course_4,module_46,16.0,20.0,0.8,1
50,71,course_4,module_46,15.0,20.0,0.75,1
50,72,course_4,module_46,15.0,20.0,0.75,1
50,73,course_4,module_46,17.0,20.0,0.85,1
50,74,course_4,module_46,15.0,20.0,0.75,1
50,75,course_4,module_46,15.0,20.0,0.75,1
50,76,course_4,module_46,16.0,20.0,0.8,1
50,77,course_4,module_46,17.0,20.0,0.85,1
50,78,course_4,module_46,16.0,20.0,0.8,1
50,79,course_4,module_46,17.0,20.0,0.85,1
50,80,course_4,module_46,16.0,20.0,0.8,1
50,81,course_4,module_46,18.0,20.0,0.9,1
50,95,course_4,module_48,16.0,20.0,0.8,1
50,96,course_4,module_48,17.0,20.0,0.85,1
50,97,course_4,module_48,16.0,20.0,0.8,1
50,98,course_4,module_48,19.0,20.0,0.95,1
50,99,course_4,module_48,17.0,20.0,0.85,1
50,100,course_4,module_48,16.0,20.0,0.8,1
50,101,course_4,module_48,17.0,20.0,0.85,1
50,102,course_4,module_48,16.0,20.0,0.8,1
50,103,course_4,module_48,17.0,20.0,0.85,1
50,104,course_4,module_49,15.0,20.0,0.75,1
50,105,course_4,module_49,19.0,20.0,0.95,1
50,106,course_4,module_49,15.0,20.0,0.75,1
50,107,course_4,module_49,16.0,20.0,0.8,1
50,108,course_4,module_49,16.0,20.0,0.8,1
50,109,course_4,module_49,17.0,20.0,0.85,1
50,110,course_4,module_49,15.0,20.0,0.75,1
50,111,course_4,module_49,16.0,20.0,0.8,1
50,153,course_4,module_56,16.0,20.0,0.8,2
50,154,course_4,module_56,16.0,20.0,0.8,2
50,155,course_4,module_56,16.0,20.0,0.8,2
50,156,course_4,module_56,16.0,20.0,0.8,2
50,157,course_4,module_56,16.0,20.0,0.8,2
50,158,course_4,module_56,16.0,20.0,0.8,2
50,159,course_4,module_56,17.0,20.0,0.85,2
50,160,course_4,module_56,16.0,20.0,0.8,2
50,161,course_4,module_57,16.0,20.0,0.8,1
50,163,course_4,module_57,17.0,20.0,0.85,1
50,164,course_4,module_57,17.0,20.0,0.85,1
50,165,course_4,module_57,17.0,20.0,0.85,1
50,178,course_4,module_59,18.0,20.0,0.9,1
50,179,course_4,module_59,17.0,20.0,0.85,1
50,180,course_4,module_59,17.0,20.0,0.85,1
50,181,course_4,module_59,15.0,20.0,0.75,1
50,182,course_4,module_59,17.0,20.0,0.85,1
50,183,course_4,module_59,16.0,20.0,0.8,1
50,184,course_4,module_59,16.0,20.0,0.8,1
50,185,course_4,module_59,15.0,20.0,0.75,1
50,186,course_4,module_59,15.0,20.0,0.75,1
50,187,course_4,module_59,17.0,20.0,0.85,1
50,256,course_4,module_66,16.0,20.0,0.8,1
50,257,course_4,module_66,17.0,20.0,0.85,1
50,258,course_4,module_66,17.0,20.0,0.85,1
50,259,course_4,module_66,16.0,20.0,0.8,1
50,260,course_4,module_66,19.0,20.0,0.95,1
50,261,course_4,module_66,15.0,20.0,0.75,1
50,262,course_4,module_66,15.0,20.0,0.75,1
50,263,course_4,module_66,17.0,20.0,0.85,1
50,264,course_4,module_66,16.0,20.0,0.8,1
51,153,course_4,module_56,16.0,20.0,0.8,2
51,154,course_4,module_56,16.0,20.0,0.8,2
51,155,course_4,module_56,17.0,20.0,0.85,2
51,156,course_4,module_56,18.0,20.0,0.9,2
51,157,course_4,module_56,18.0,20.0,0.9,2
51,158,course_4,module_56,15.0,20.0,0.75,2
51,159,course_4,module_56,15.0,20.0,0.75,2
51,160,course_4,module_56,18.0,20.0,0.9,2
51,161,course_4,module_57,16.0,20.0,0.8,2
51,163,course_4,module_57,17.0,20.0,0.85,1
51,164,course_4,module_57,17.0,20.0,0.85,1
51,165,course_4,module_57,15.0,20.0,0.75,1
51,166,course_4,module_57,16.0,20.0,0.8,1
51,167,course_4,module_58,16.0,20.0,0.8,1
51,168,course_4,module_58,18.0,20.0,0.9,1
51,169,course_4,module_58,15.0,20.0,0.75,1
51,170,course_4,module_58,16.0,20.0,0.8,1
51,171,course_4,module_58,17.0,20.0,0.85,1
51,172,course_4,module_58,18.0,20.0,0.9,1
51,173,course_4,module_58,17.0,20.0,0.85,1
51,174,course_4,module_58,16.0,20.0,0.8,1
51,175,course_4,module_58,17.0,20.0,0.85,1
51,176,course_4,module_58,18.0,20.0,0.9,1
51,177,course_4,module_58,16.0,20.0,0.8,1
51,178,course_4,module_59,13.0,20.0,0.65,1
51,179,course_4,module_59,14.0,20.0,0.7,1
51,180,course_4,module_59,14.0,20.0,0.7,1
51,181,course_4,module_59,17.0,20.0,0.85,1
51,184,course_4,module_59,16.0,20.0,0.8,1
51,186,course_4,module_59,14.0,20.0,0.7,1
51,187,course_4,module_59,15.0,20.0,0.75,1
52,70,course_4,module_46,18.0,20.0,0.9,1
52,71,course_4,module_46,20.0,20.0,1.0,1
52,72,course_4,module_46,18.0,20.0,0.9,1
52,73,course_4,module_46,19.0,20.0,0.95,1
52,74,course_4,module_46,18.0,20.0,0.9,1
52,75,course_4,module_46,20.0,20.0,1.0,1
52,76,course_4,module_46,18.0,20.0,0.9,1
52,77,course_4,module_46,18.0,20.0,0.9,1
52,78,course_4,module_46,18.0,20.0,0.9,1
52,79,course_4,module_46,18.0,20.0,0.9,1
52,80,course_4,module_46,18.0,20.0,0.9,1
52,81,course_4,module_46,18.0,20.0,0.9,1
52,95,course_4,module_48,19.0,20.0,0.95,1
52,96,course_4,module_48,18.0,20.0,0.9,1
52,97,course_4,module_48,18.0,20.0,0.9,1
52,98,course_4,module_48,19.0,20.0,0.95,1
52,99,course_4,module_48,18.0,20.0,0.9,1
52,100,course_4,module_48,18.0,20.0,0.9,1
52,101,course_4,module_48,19.0,20.0,0.95,1
52,102,course_4,module_48,20.0,20.0,1.0,1
52,103,course_4,module_48,18.0,20.0,0.9,1
52,104,course_4,module_49,19.0,20.0,0.95,1
52,105,course_4,module_49,19.0,20.0,0.95,1
52,106,course_4,module_49,18.0,20.0,0.9,1
52,107,course_4,module_49,18.0,20.0,0.9,1
52,108,course_4,module_49,18.0,20.0,0.9,1
52,109,course_4,module_49,20.0,20.0,1.0,1
52,110,course_4,module_49,18.0,20.0,0.9,1
52,111,course_4,module_49,19.0,20.0,0.95,1
52,153,course_4,module_56,18.0,20.0,0.9,2
52,154,course_4,module_56,18.0,20.0,0.9,2
52,155,course_4,module_56,19.0,20.0,0.95,2
52,156,course_4,module_56,18.0,20.0,0.9,2
52,157,course_4,module_56,19.0,20.0,0.95,2
52,158,course_4,module_56,18.0,20.0,0.9,2
52,159,course_4,module_56,18.0,20.0,0.9,2
52,160,course_4,module_56,20.0,20.0,1.0,2
52,161,course_4,module_57,19.0,20.0,0.95,2
52,163,course_4,module_57,19.0,20.0,0.95,1
52,164,course_4,module_57,18.0,20.0,0.9,1
52,165,course_4,module_57,19.0,20.0,0.95,1
52,166,course_4,module_57,18.0,20.0,0.9,1
52,167,course_4,module_58,18.0,20.0,0.9,1
52,168,course_4,module_58,18.0,20.0,0.9,1
52,169,course_4,module_58,19.0,20.0,0.95,1
52,170,course_4,module_58,19.0,20.0,0.95,1
52,171,course_4,module_58,20.0,20.0,1.0,1
52,172,course_4,module_58,19.0,20.0,0.95,1
52,173,course_4,module_58,18.0,20.0,0.9,1
52,174,course_4,module_58,18.0,20.0,0.9,1
52,175,course_4,module_58,19.0,20.0,0.95,1
52,176,course_4,module_58,18.0,20.0,0.9,1
52,177,course_4,module_58,19.0,20.0,0.95,1
52,178,course_4,module_59,18.0,20.0,0.9,1
52,179,course_4,module_59,18.0,20.0,0.9,1
52,180,course_4,module_59,18.0,20.0,0.9,1
52,181,course_4,module_59,19.0,20.0,0.95,1
52,182,course_4,module_59,20.0,20.0,1.0,1
52,183,course_4,module_59,18.0,20.0,0.9,1
52,184,course_4,module_59,18.0,20.0,0.9,1
52,185,course_4,module_59,18.0,20.0,0.9,1
52,186,course_4,module_59,19.0,20.0,0.95,1
52,187,course_4,module_59,18.0,20.0,0.9,1
52,256,course_4,module_66,20.0,20.0,1.0,1
52,257,course_4,module_66,19.0,20.0,0.95,1
52,258,course_4,module_66,19.0,20.0,0.95,1
52,259,course_4,module_66,18.0,20.0,0.9,1
52,260,course_4,module_66,19.0,20.0,0.95,1
52,261,course_4,module_66,20.0,20.0,1.0,1
52,262,course_4,module_66,18.0,20.0,0.9,1
52,263,course_4,module_66,20.0,20.0,1.0,1
52,264,course_4,module_66,18.0,20.0,0.9,1
53,70,course_4,module_46,17.0,20.0,0.85,1
53,71,course_4,module_46,16.0,20.0,0.8,1
53,72,course_4,module_46,17.0,20.0,0.85,1
53,73,course_4,module_46,17.0,20.0,0.85,1
53,74,course_4,module_46,17.0,20.0,0.85,1
53,75,course_4,module_46,16.0,20.0,0.8,1
53,76,course_4,module_46,16.0,20.0,0.8,1
53,77,course_4,module_46,17.0,20.0,0.85,1
53,78,course_4,module_46,18.0,20.0,0.9,1
53,79,course_4,module_46,17.0,20.0,0.85,1
53,80,course_4,module_46,16.0,20.0,0.8,1
53,81,course_4,module_46,15.0,20.0,0.75,1
53,95,course_4,module_48,17.0,20.0,0.85,1
53,96,course_4,module_48,17.0,20.0,0.85,1
53,97,course_4,module_48,15.0,20.0,0.75,1
53,98,course_4,module_48,16.0,20.0,0.8,1
53,99,course_4,module_48,15.0,20.0,0.75,1
53,100,course_4,module_48,16.0,20.0,0.8,1
53,101,course_4,module_48,16.0,20.0,0.8,1
53,102,course_4,module_48,16.0,20.0,0.8,1
53,103,course_4,module_48,16.0,20.0,0.8,1
53,104,course_4,module_49,16.0,20.0,0.8,1
53,105,course_4,module_49,17.0,20.0,0.85,1
53,106,course_4,module_49,17.0,20.0,0.85,1
53,107,course_4,module_49,17.0,20.0,0.85,1
53,108,course_4,module_49,18.0,20.0,0.9,1
53,109,course_4,module_49,15.0,20.0,0.75,1
53,110,course_4,module_49,16.0,20.0,0.8,1
53,111,course_4,module_49,16.0,20.0,0.8,1
53,153,course_4,module_56,13.0,20.0,0.65,2
53,154,course_4,module_56,14.0,20.0,0.7,2
53,155,course_4,module_56,14.0,20.0,0.7,2
53,156,course_4,module_56,14.0,20.0,0.7,1
53,157,course_4,module_56,14.0,20.0,0.7,2
53,158,course_4,module_56,14.0,20.0,0.7,2
53,159,course_4,module_56,14.0,20.0,0.7,1
53,160,course_4,module_56,15.0,20.0,0.75,1
53,178,course_4,module_59,17.0,20.0,0.85,1
53,179,course_4,module_59,16.0,20.0,0.8,1
53,180,course_4,module_59,15.0,20.0,0.75,1
53,181,course_4,module_59,18.0,20.0,0.9,1
53,182,course_4,module_59,17.0,20.0,0.85,1
53,183,course_4,module_59,15.0,20.0,0.75,1
53,184,course_4,module_59,19.0,20.0,0.95,1
53,185,course_4,module_59,16.0,20.0,0.8,1
53,186,course_4,module_59,18.0,20.0,0.9,1
53,187,course_4,module_59,17.0,20.0,0.85,1
53,256,course_4,module_66,17.0,20.0,0.85,1
53,257,course_4,module_66,16.0,20.0,0.8,1
53,258,course_4,module_66,15.0,20.0,0.75,1
53,259,course_4,module_66,17.0,20.0,0.85,1
53,260,course_4,module_66,16.0,20.0,0.8,1
53,261,course_4,module_66,16.0,20.0,0.8,1
53,262,course_4,module_66,15.0,20.0,0.75,1
53,263,course_4,module_66,16.0,20.0,0.8,1
53,264,course_4,module_66,15.0,20.0,0.75,1
54,70,course_4,module_46,19.0,20.0,0.95,1
54,71,course_4,module_46,19.0,20.0,0.95,1
54,72,course_4,module_46,19.0,20.0,0.95,1
54,73,course_4,module_46,18.0,20.0,0.9,1
54,74,course_4,module_46,19.0,20.0,0.95,1
54,75,course_4,module_46,19.0,20.0,0.95,1
54,76,course_4,module_46,18.0,20.0,0.9,1
54,77,course_4,module_46,18.0,20.0,0.9,1
54,78,course_4,module_46,18.0,20.0,0.9,1
54,79,course_4,module_46,20.0,20.0,1.0,1
54,80,course_4,module_46,18.0,20.0,0.9,1
54,81,course_4,module_46,18.0,20.0,0.9,1
54,95,course_4,module_48,18.0,20.0,0.9,1
54,96,course_4,module_48,18.0,20.0,0.9,1
54,97,course_4,module_48,19.0,20.0,0.95,1
54,98,course_4,module_48,19.0,20.0,0.95,1
54,99,course_4,module_48,18.0,20.0,0.9,1
54,100,course_4,module_48,18.0,20.0,0.9,1
54,101,course_4,module_48,18.0,20.0,0.9,1
54,102,course_4,module_48,19.0,20.0,0.95,1
54,103,course_4,module_48,18.0,20.0,0.9,1
54,104,course_4,module_49,19.0,20.0,0.95,1
54,105,course_4,module_49,19.0,20.0,0.95,1
54,106,course_4,module_49,19.0,20.0,0.95,1
54,107,course_4,module_49,19.0,20.0,0.95,1
54,108,course_4,module_49,18.0,20.0,0.9,1
54,109,course_4,module_49,18.0,20.0,0.9,1
54,110,course_4,module_49,20.0,20.0,1.0,1
54,111,course_4,module_49,18.0,20.0,0.9,1
54,153,course_4,module_56,19.0,20.0,0.95,2
54,154,course_4,module_56,18.0,20.0,0.9,2
54,155,course_4,module_56,20.0,20.0,1.0,2
54,156,course_4,module_56,19.0,20.0,0.95,2
54,157,course_4,module_56,19.0,20.0,0.95,1
54,158,course_4,module_56,18.0,20.0,0.9,2
54,159,course_4,module_56,19.0,20.0,0.95,2
54,160,course_4,module_56,18.0,20.0,0.9,1
54,161,course_4,module_57,18.0,20.0,0.9,2
54,163,course_4,module_57,18.0,20.0,0.9,1
54,164,course_4,module_57,18.0,20.0,0.9,1
54,165,course_4,module_57,18.0,20.0,0.9,1
54,166,course_4,module_57,20.0,20.0,1.0,1
54,167,course_4,module_58,18.0,20.0,0.9,1
54,168,course_4,module_58,18.0,20.0,0.9,1
54,169,course_4,module_58,18.0,20.0,0.9,1
54,170,course_4,module_58,18.0,20.0,0.9,1
54,171,course_4,module_58,19.0,20.0,0.95,1
54,172,course_4,module_58,18.0,20.0,0.9,1
54,173,course_4,module_58,18.0,20.0,0.9,1
54,174,course_4,module_58,19.0,20.0,0.95,1
54,175,course_4,module_58,18.0,20.0,0.9,1
54,176,course_4,module_58,19.0,20.0,0.95,1
54,177,course_4,module_58,18.0,20.0,0.9,1
54,178,course_4,module_59,19.0,20.0,0.95,1
54,179,course_4,module_59,18.0,20.0,0.9,1
54,180,course_4,module_59,20.0,20.0,1.0,1
54,181,course_4,module_59,18.0,20.0,0.9,1
54,182,course_4,module_59,19.0,20.0,0.95,1
54,183,course_4,module_59,19.0,20.0,0.95,1
54,184,course_4,module_59,18.0,20.0,0.9,1
54,185,course_4,module_59,19.0,20.0,0.95,1
54,186,course_4,module_59,19.0,20.0,0.95,1
54,187,course_4,module_59,20.0,20.0,1.0,1
54,256,course_4,module_66,18.0,20.0,0.9,1
54,257,course_4,module_66,18.0,20.0,0.9,1
54,258,course_4,module_66,19.0,20.0,0.95,1
54,259,course_4,module_66,19.0,20.0,0.95,1
54,260,course_4,module_66,19.0,20.0,0.95,1
54,261,course_4,module_66,18.0,20.0,0.9,1
54,262,course_4,module_66,19.0,20.0,0.95,1
54,263,course_4,module_66,18.0,20.0,0.9,1
54,264,course_4,module_66,18.0,20.0,0.9,1
55,70,course_4,module_46,15.0,20.0,0.75,1
55,71,course_4,module_46,13.0,20.0,0.65,1
55,72,course_4,module_46,14.0,20.0,0.7,1
55,73,course_4,module_46,13.0,20.0,0.65,1
55,74,course_4,module_46,15.0,20.0,0.75,1
55,75,course_4,module_46,12.0,20.0,0.6,1
55,76,course_4,module_46,13.0,20.0,0.65,1
55,77,course_4,module_46,13.0,20.0,0.65,1
55,78,course_4,module_46,14.0,20.0,0.7,1
55,79,course_4,module_46,15.0,20.0,0.75,1
55,80,course_4,module_46,16.0,20.0,0.8,1
55,81,course_4,module_46,14.0,20.0,0.7,1
55,95,course_4,module_48,14.0,20.0,0.7,1
55,96,course_4,module_48,13.0,20.0,0.65,1
55,97,course_4,module_48,14.0,20.0,0.7,1
55,98,course_4,module_48,14.0,20.0,0.7,1
55,99,course_4,module_48,15.0,20.0,0.75,1
55,100,course_4,module_48,14.0,20.0,0.7,1
55,101,course_4,module_48,12.0,20.0,0.6,1
55,102,course_4,module_48,14.0,20.0,0.7,1
55,103,course_4,module_48,15.0,20.0,0.75,1
55,104,course_4,module_49,12.0,20.0,0.6,1
55,105,course_4,module_49,16.0,20.0,0.8,1
55,106,course_4,module_49,14.0,20.0,0.7,1
55,107,course_4,module_49,15.0,20.0,0.75,1
55,108,course_4,module_49,15.0,20.0,0.75,1
55,109,course_4,module_49,15.0,20.0,0.75,1
55,110,course_4,module_49,13.0,20.0,0.65,1
55,111,course_4,module_49,13.0,20.0,0.65,1
55,153,course_4,module_56,15.0,20.0,0.75,1
55,154,course_4,module_56,15.0,20.0,0.75,1
55,155,course_4,module_56,17.0,20.0,0.85,1
55,156,course_4,module_56,15.0,20.0,0.75,1
55,157,course_4,module_56,16.0,20.0,0.8,1
55,158,course_4,module_56,17.0,20.0,0.85,1
55,159,course_4,module_56,17.0,20.0,0.85,1
55,160,course_4,module_56,16.0,20.0,0.8,1
55,161,course_4,module_57,17.0,20.0,0.85,2
55,163,course_4,module_57,16.0,20.0,0.8,1
55,164,course_4,module_57,16.0,20.0,0.8,1
55,165,course_4,module_57,17.0,20.0,0.85,1
55,166,course_4,module_57,19.0,20.0,0.95,1
55,167,course_4,module_58,18.0,20.0,0.9,1
55,168,course_4,module_58,17.0,20.0,0.85,1
55,170,course_4,module_58,16.0,20.0,0.8,1
55,171,course_4,module_58,16.0,20.0,0.8,1
55,172,course_4,module_58,18.0,20.0,0.9,1
55,173,course_4,module_58,16.0,20.0,0.8,1
55,177,course_4,module_58,16.0,20.0,0.8,1
55,178,course_4,module_59,13.0,20.0,0.65,1
55,179,course_4,module_59,13.0,20.0,0.65,1
55,180,course_4,module_59,15.0,20.0,0.75,1
55,181,course_4,module_59,12.0,20.0,0.6,1
55,182,course_4,module_59,14.0,20.0,0.7,1
55,183,course_4,module_59,14.0,20.0,0.7,1
55,184,course_4,module_59,12.0,20.0,0.6,1
55,185,course_4,module_59,15.0,20.0,0.75,1
55,186,course_4,module_59,13.0,20.0,0.65,1
55,187,course_4,module_59,15.0,20.0,0.75,1
55,256,course_4,module_66,15.0,20.0,0.75,1
55,257,course_4,module_66,14.0,20.0,0.7,1
55,258,course_4,module_66,14.0,20.0,0.7,1
55,259,course_4,module_66,14.0,20.0,0.7,1
55,260,course_4,module_66,14.0,20.0,0.7,1
55,261,course_4,module_66,13.0,20.0,0.65,1
55,262,course_4,module_66,13.0,20.0,0.65,1
55,263,course_4,module_66,15.0,20.0,0.75,1
55,264,course_4,module_66,13.0,20.0,0.65,1
56,70,course_4,module_46,19.0,20.0,0.95,1
56,71,course_4,module_46,18.0,20.0,0.9,1
56,72,course_4,module_46,19.0,20.0,0.95,1
56,73,course_4,module_46,18.0,20.0,0.9,1
56,74,course_4,module_46,18.0,20.0,0.9,1
56,75,course_4,module_46,18.0,20.0,0.9,1
56,76,course_4,module_46,19.0,20.0,0.95,1
56,77,course_4,module_46,18.0,20.0,0.9,1
56,78,course_4,module_46,19.0,20.0,0.95,1
56,79,course_4,module_46,18.0,20.0,0.9,1
56,80,course_4,module_46,19.0,20.0,0.95,1
56,81,course_4,module_46,18.0,20.0,0.9,1
56,95,course_4,module_48,18.0,20.0,0.9,1
56,96,course_4,module_48,18.0,20.0,0.9,1
56,97,course_4,module_48,19.0,20.0,0.95,1
56,98,course_4,module_48,19.0,20.0,0.95,1
56,99,course_4,module_48,19.0,20.0,0.95,1
56,100,course_4,module_48,19.0,20.0,0.95,1
56,101,course_4,module_48,18.0,20.0,0.9,1
56,102,course_4,module_48,19.0,20.0,0.95,1
56,103,course_4,module_48,18.0,20.0,0.9,1
56,104,course_4,module_49,20.0,20.0,1.0,1
56,105,course_4,module_49,18.0,20.0,0.9,1
56,106,course_4,module_49,18.0,20.0,0.9,1
56,107,course_4,module_49,19.0,20.0,0.95,1
56,108,course_4,module_49,19.0,20.0,0.95,1
56,109,course_4,module_49,18.0,20.0,0.9,1
56,110,course_4,module_49,19.0,20.0,0.95,1
56,111,course_4,module_49,19.0,20.0,0.95,1
56,153,course_4,module_56,18.0,20.0,0.9,1
56,154,course_4,module_56,18.0,20.0,0.9,1
56,155,course_4,module_56,18.0,20.0,0.9,1
56,156,course_4,module_56,19.0,20.0,0.95,1
56,157,course_4,module_56,18.0,20.0,0.9,1
56,158,course_4,module_56,19.0,20.0,0.95,1
56,159,course_4,module_56,19.0,20.0,0.95,1
56,160,course_4,module_56,18.0,20.0,0.9,1
56,161,course_4,module_57,18.0,20.0,0.9,2
56,163,course_4,module_57,18.0,20.0,0.9,1
56,164,course_4,module_57,19.0,20.0,0.95,1
56,165,course_4,module_57,20.0,20.0,1.0,1
56,166,course_4,module_57,19.0,20.0,0.95,1
56,167,course_4,module_58,19.0,20.0,0.95,1
56,168,course_4,module_58,18.0,20.0,0.9,1
56,169,course_4,module_58,19.0,20.0,0.95,1
56,170,course_4,module_58,19.0,20.0,0.95,1
56,171,course_4,module_58,19.0,20.0,0.95,1
56,172,course_4,module_58,18.0,20.0,0.9,1
56,173,course_4,module_58,19.0,20.0,0.95,1
56,174,course_4,module_58,19.0,20.0,0.95,1
56,175,course_4,module_58,18.0,20.0,0.9,1
56,176,course_4,module_58,18.0,20.0,0.9,1
56,177,course_4,module_58,20.0,20.0,1.0,1
56,178,course_4,module_59,18.0,20.0,0.9,1
56,179,course_4,module_59,18.0,20.0,0.9,1
56,180,course_4,module_59,19.0,20.0,0.95,1
56,181,course_4,module_59,18.0,20.0,0.9,1
56,182,course_4,module_59,19.0,20.0,0.95,1
56,183,course_4,module_59,19.0,20.0,0.95,1
56,184,course_4,module_59,18.0,20.0,0.9,1
56,185,course_4,module_59,18.0,20.0,0.9,1
56,186,course_4,module_59,19.0,20.0,0.95,1
56,187,course_4,module_59,18.0,20.0,0.9,1
56,256,course_4,module_66,20.0,20.0,1.0,1
56,257,course_4,module_66,18.0,20.0,0.9,1
56,258,course_4,module_66,18.0,20.0,0.9,1
56,259,course_4,module_66,19.0,20.0,0.95,1
56,260,course_4,module_66,18.0,20.0,0.9,1
56,261,course_4,module_66,19.0,20.0,0.95,1
56,262,course_4,module_66,19.0,20.0,0.95,1
56,263,course_4,module_66,20.0,20.0,1.0,1
56,264,course_4,module_66,18.0,20.0,0.9,1
57,70,course_4,module_46,18.0,20.0,0.9,1
57,71,course_4,module_46,18.0,20.0,0.9,1
57,72,course_4,module_46,20.0,20.0,1.0,1
57,73,course_4,module_46,18.0,20.0,0.9,1
57,74,course_4,module_46,19.0,20.0,0.95,1
57,75,course_4,module_46,18.0,20.0,0.9,1
57,76,course_4,module_46,18.0,20.0,0.9,1
57,77,course_4,module_46,19.0,20.0,0.95,1
57,78,course_4,module_46,19.0,20.0,0.95,1
57,79,course_4,module_46,18.0,20.0,0.9,1
57,80,course_4,module_46,19.0,20.0,0.95,1
57,81,course_4,module_46,19.0,20.0,0.95,1
57,95,course_4,module_48,20.0,20.0,1.0,1
57,96,course_4,module_48,19.0,20.0,0.95,1
57,97,course_4,module_48,19.0,20.0,0.95,1
57,98,course_4,module_48,18.0,20.0,0.9,1
57,99,course_4,module_48,19.0,20.0,0.95,1
57,100,course_4,module_48,18.0,20.0,0.9,1
57,101,course_4,module_48,18.0,20.0,0.9,1
57,102,course_4,module_48,19.0,20.0,0.95,1
57,103,course_4,module_48,19.0,20.0,0.95,1
57,104,course_4,module_49,20.0,20.0,1.0,1
57,105,course_4,module_49,18.0,20.0,0.9,1
57,106,course_4,module_49,18.0,20.0,0.9,1
57,107,course_4,module_49,18.0,20.0,0.9,1
57,108,course_4,module_49,18.0,20.0,0.9,1
57,109,course_4,module_49,19.0,20.0,0.95,1
57,110,course_4,module_49,18.0,20.0,0.9,1
57,111,course_4,module_49,19.0,20.0,0.95,1
57,153,course_4,module_56,16.0,20.0,0.8,1
57,154,course_4,module_56,13.0,20.0,0.65,1
57,155,course_4,module_56,14.0,20.0,0.7,1
57,156,course_4,module_56,14.0,20.0,0.7,1
57,157,course_4,module_56,16.0,20.0,0.8,1
57,158,course_4,module_56,14.0,20.0,0.7,1
57,159,course_4,module_56,13.0,20.0,0.65,1
57,160,course_4,module_56,12.0,20.0,0.6,1
57,161,course_4,module_57,13.0,20.0,0.65,2
57,163,course_4,module_57,12.0,20.0,0.6,1
57,164,course_4,module_57,14.0,20.0,0.7,1
57,165,course_4,module_57,16.0,20.0,0.8,1
57,166,course_4,module_57,14.0,20.0,0.7,1
57,167,course_4,module_58,14.0,20.0,0.7,1
57,168,course_4,module_58,15.0,20.0,0.75,1
57,169,course_4,module_58,14.0,20.0,0.7,1
57,170,course_4,module_58,15.0,20.0,0.75,1
57,171,course_4,module_58,15.0,20.0,0.75,1
57,172,course_4,module_58,16.0,20.0,0.8,1
57,173,course_4,module_58,14.0,20.0,0.7,1
57,174,course_4,module_58,14.0,20.0,0.7,1
57,175,course_4,module_58,15.0,20.0,0.75,1
57,176,course_4,module_58,14.0,20.0,0.7,1
57,177,course_4,module_58,17.0,20.0,0.85,1
57,178,course_4,module_59,18.0,20.0,0.9,1
57,179,course_4,module_59,19.0,20.0,0.95,1
57,180,course_4,module_59,19.0,20.0,0.95,1
57,181,course_4,module_59,18.0,20.0,0.9,1
57,182,course_4,module_59,19.0,20.0,0.95,1
57,183,course_4,module_59,19.0,20.0,0.95,1
57,184,course_4,module_59,18.0,20.0,0.9,1
57,185,course_4,module_59,19.0,20.0,0.95,1
57,186,course_4,module_59,18.0,20.0,0.9,1
57,187,course_4,module_59,19.0,20.0,0.95,1
57,256,course_4,module_66,18.0,20.0,0.9,1
57,257,course_4,module_66,18.0,20.0,0.9,1
57,258,course_4,module_66,18.0,20.0,0.9,1
57,259,course_4,module_66,19.0,20.0,0.95,1
57,260,course_4,module_66,18.0,20.0,0.9,1
57,261,course_4,module_66,18.0,20.0,0.9,1
57,262,course_4,module_66,18.0,20.0,0.9,1
57,263,course_4,module_66,18.0,20.0,0.9,1
57,264,course_4,module_66,20.0,20.0,1.0,1
58,70,course_4,module_46,15.0,20.0,0.75,1
58,71,course_4,module_46,16.0,20.0,0.8,1
58,72,course_4,module_46,17.0,20.0,0.85,1
58,73,course_4,module_46,16.0,20.0,0.8,1
58,74,course_4,module_46,17.0,20.0,0.85,1
58,75,course_4,module_46,16.0,20.0,0.8,1
58,76,course_4,module_46,15.0,20.0,0.75,1
58,77,course_4,module_46,17.0,20.0,0.85,1
58,78,course_4,module_46,15.0,20.0,0.75,1
58,79,course_4,module_46,15.0,20.0,0.75,1
58,80,course_4,module_46,15.0,20.0,0.75,1
58,81,course_4,module_46,17.0,20.0,0.85,1
58,95,course_4,module_48,18.0,20.0,0.9,1
58,96,course_4,module_48,16.0,20.0,0.8,1
58,97,course_4,module_48,17.0,20.0,0.85,1
58,98,course_4,module_48,17.0,20.0,0.85,1
58,99,course_4,module_48,15.0,20.0,0.75,1
58,100,course_4,module_48,16.0,20.0,0.8,1
58,101,course_4,module_48,16.0,20.0,0.8,1
58,102,course_4,module_48,17.0,20.0,0.85,1
58,103,course_4,module_48,15.0,20.0,0.75,1
58,104,course_4,module_49,16.0,20.0,0.8,1
58,105,course_4,module_49,17.0,20.0,0.85,1
58,106,course_4,module_49,15.0,20.0,0.75,1
58,107,course_4,module_49,15.0,20.0,0.75,1
58,108,course_4,module_49,17.0,20.0,0.85,1
58,109,course_4,module_49,16.0,20.0,0.8,1
58,110,course_4,module_49,18.0,20.0,0.9,1
58,111,course_4,module_49,15.0,20.0,0.75,1
58,153,course_4,module_56,15.0,20.0,0.75,1
58,154,course_4,module_56,16.0,20.0,0.8,1
58,155,course_4,module_56,17.0,20.0,0.85,1
58,156,course_4,module_56,16.0,20.0,0.8,1
58,157,course_4,module_56,17.0,20.0,0.85,1
58,158,course_4,module_56,16.0,20.0,0.8,1
58,159,course_4,module_56,16.0,20.0,0.8,1
58,160,course_4,module_56,17.0,20.0,0.85,1
58,161,course_4,module_57,18.0,20.0,0.9,2
58,163,course_4,module_57,17.0,20.0,0.85,1
58,164,course_4,module_57,15.0,20.0,0.75,1
58,165,course_4,module_57,15.0,20.0,0.75,1
58,166,course_4,module_57,16.0,20.0,0.8,1
58,167,course_4,module_58,16.0,20.0,0.8,1
58,168,course_4,module_58,17.0,20.0,0.85,1
58,169,course_4,module_58,16.0,20.0,0.8,1
58,170,course_4,module_58,16.0,20.0,0.8,1
58,171,course_4,module_58,18.0,20.0,0.9,1
58,172,course_4,module_58,16.0,20.0,0.8,1
58,173,course_4,module_58,17.0,20.0,0.85,1
58,174,course_4,module_58,17.0,20.0,0.85,1
58,175,course_4,module_58,17.0,20.0,0.85,1
58,176,course_4,module_58,17.0,20.0,0.85,1
58,177,course_4,module_58,17.0,20.0,0.85,1
58,178,course_4,module_59,15.0,20.0,0.75,1
58,179,course_4,module_59,16.0,20.0,0.8,1
58,180,course_4,module_59,16.0,20.0,0.8,1
58,181,course_4,module_59,17.0,20.0,0.85,1
58,182,course_4,module_59,18.0,20.0,0.9,1
58,183,course_4,module_59,15.0,20.0,0.75,1
58,184,course_4,module_59,15.0,20.0,0.75,1
58,185,course_4,module_59,16.0,20.0,0.8,1
58,186,course_4,module_59,16.0,20.0,0.8,1
58,187,course_4,module_59,15.0,20.0,0.75,1
58,256,course_4,module_66,16.0,20.0,0.8,1
58,257,course_4,module_66,16.0,20.0,0.8,1
58,258,course_4,module_66,15.0,20.0,0.75,1
58,259,course_4,module_66,16.0,20.0,0.8,1
58,260,course_4,module_66,16.0,20.0,0.8,1
58,261,course_4,module_66,16.0,20.0,0.8,1
58,262,course_4,module_66,15.0,20.0,0.75,1
58,263,course_4,module_66,16.0,20.0,0.8,1
58,264,course_4,module_66,16.0,20.0,0.8,1
59,70,course_4,module_46,18.0,20.0,0.9,1
59,71,course_4,module_46,18.0,20.0,0.9,1
59,72,course_4,module_46,18.0,20.0,0.9,1
59,73,course_4,module_46,19.0,20.0,0.95,1
59,74,course_4,module_46,19.0,20.0,0.95,1
59,75,course_4,module_46,18.0,20.0,0.9,1
59,76,course_4,module_46,18.0,20.0,0.9,1
59,77,course_4,module_46,20.0,20.0,1.0,1
59,78,course_4,module_46,19.0,20.0,0.95,1
59,79,course_4,module_46,18.0,20.0,0.9,1
59,80,course_4,module_46,18.0,20.0,0.9,1
59,81,course_4,module_46,19.0,20.0,0.95,1
59,95,course_4,module_48,18.0,20.0,0.9,1
59,96,course_4,module_48,19.0,20.0,0.95,1
59,97,course_4,module_48,19.0,20.0,0.95,1
59,98,course_4,module_48,18.0,20.0,0.9,1
59,99,course_4,module_48,19.0,20.0,0.95,1
59,100,course_4,module_48,19.0,20.0,0.95,1
59,101,course_4,module_48,19.0,20.0,0.95,1
59,102,course_4,module_48,19.0,20.0,0.95,1
59,103,course_4,module_48,18.0,20.0,0.9,1
59,104,course_4,module_49,18.0,20.0,0.9,1
59,105,course_4,module_49,18.0,20.0,0.9,1
59,106,course_4,module_49,18.0,20.0,0.9,1
59,107,course_4,module_49,19.0,20.0,0.95,1
59,108,course_4,module_49,20.0,20.0,1.0,1
59,109,course_4,module_49,18.0,20.0,0.9,1
59,110,course_4,module_49,18.0,20.0,0.9,1
59,111,course_4,module_49,18.0,20.0,0.9,1
59,153,course_4,module_56,19.0,20.0,0.95,1
59,154,course_4,module_56,18.0,20.0,0.9,1
59,155,course_4,module_56,18.0,20.0,0.9,1
59,156,course_4,module_56,19.0,20.0,0.95,1
59,157,course_4,module_56,19.0,20.0,0.95,1
59,158,course_4,module_56,18.0,20.0,0.9,1
59,159,course_4,module_56,18.0,20.0,0.9,1
59,160,course_4,module_56,19.0,20.0,0.95,1
59,161,course_4,module_57,18.0,20.0,0.9,2
59,163,course_4,module_57,19.0,20.0,0.95,1
59,164,course_4,module_57,18.0,20.0,0.9,1
59,165,course_4,module_57,18.0,20.0,0.9,1
59,166,course_4,module_57,18.0,20.0,0.9,1
59,167,course_4,module_58,18.0,20.0,0.9,1
59,168,course_4,module_58,18.0,20.0,0.9,1
59,169,course_4,module_58,18.0,20.0,0.9,1
59,170,course_4,module_58,18.0,20.0,0.9,1
59,171,course_4,module_58,18.0,20.0,0.9,1
59,172,course_4,module_58,18.0,20.0,0.9,1
59,173,course_4,module_58,18.0,20.0,0.9,1
59,174,course_4,module_58,18.0,20.0,0.9,1
59,175,course_4,module_58,19.0,20.0,0.95,1
59,176,course_4,module_58,19.0,20.0,0.95,1
59,177,course_4,module_58,19.0,20.0,0.95,1
59,178,course_4,module_59,18.0,20.0,0.9,1
59,179,course_4,module_59,18.0,20.0,0.9,1
59,180,course_4,module_59,18.0,20.0,0.9,1
59,181,course_4,module_59,19.0,20.0,0.95,1
59,182,course_4,module_59,18.0,20.0,0.9,1
59,183,course_4,module_59,18.0,20.0,0.9,1
59,184,course_4,module_59,20.0,20.0,1.0,1
59,185,course_4,module_59,20.0,20.0,1.0,1
59,186,course_4,module_59,19.0,20.0,0.95,1
59,187,course_4,module_59,18.0,20.0,0.9,1
59,256,course_4,module_66,20.0,20.0,1.0,1
59,257,course_4,module_66,18.0,20.0,0.9,1
59,258,course_4,module_66,18.0,20.0,0.9,1
59,259,course_4,module_66,19.0,20.0,0.95,1
59,260,course_4,module_66,19.0,20.0,0.95,1
59,261,course_4,module_66,19.0,20.0,0.95,1
59,262,course_4,module_66,18.0,20.0,0.9,1
59,263,course_4,module_66,19.0,20.0,0.95,1
59,264,course_4,module_66,19.0,20.0,0.95,1
60,70,course_4,module_46,18.0,20.0,0.9,1
60,71,course_4,module_46,18.0,20.0,0.9,1
60,72,course_4,module_46,19.0,20.0,0.95,1
60,73,course_4,module_46,19.0,20.0,0.95,1
60,74,course_4,module_46,18.0,20.0,0.9,1
60,75,course_4,module_46,19.0,20.0,0.95,1
60,76,course_4,module_46,19.0,20.0,0.95,1
60,77,course_4,module_46,18.0,20.0,0.9,1
60,78,course_4,module_46,18.0,20.0,0.9,1
60,79,course_4,module_46,18.0,20.0,0.9,1
60,80,course_4,module_46,18.0,20.0,0.9,1
60,81,course_4,module_46,20.0,20.0,1.0,1
60,95,course_4,module_48,18.0,20.0,0.9,1
60,96,course_4,module_48,18.0,20.0,0.9,1
60,97,course_4,module_48,20.0,20.0,1.0,1
60,98,course_4,module_48,19.0,20.0,0.95,1
60,99,course_4,module_48,18.0,20.0,0.9,1
60,100,course_4,module_48,18.0,20.0,0.9,1
60,101,course_4,module_48,19.0,20.0,0.95,1
60,102,course_4,module_48,20.0,20.0,1.0,1
60,103,course_4,module_48,19.0,20.0,0.95,1
60,104,course_4,module_49,18.0,20.0,0.9,1
60,105,course_4,module_49,19.0,20.0,0.95,1
60,106,course_4,module_49,18.0,20.0,0.9,1
60,107,course_4,module_49,18.0,20.0,0.9,1
60,108,course_4,module_49,19.0,20.0,0.95,1
60,109,course_4,module_49,19.0,20.0,0.95,1
60,110,course_4,module_49,18.0,20.0,0.9,1
60,111,course_4,module_49,18.0,20.0,0.9,1
60,153,course_4,module_56,16.0,20.0,0.8,1
60,154,course_4,module_56,17.0,20.0,0.85,1
60,155,course_4,module_56,16.0,20.0,0.8,1
60,156,course_4,module_56,15.0,20.0,0.75,1
60,157,course_4,module_56,17.0,20.0,0.85,1
60,158,course_4,module_56,16.0,20.0,0.8,1
60,159,course_4,module_56,16.0,20.0,0.8,1
60,160,course_4,module_56,15.0,20.0,0.75,1
60,161,course_4,module_57,16.0,20.0,0.8,2
60,163,course_4,module_57,18.0,20.0,0.9,1
60,164,course_4,module_57,17.0,20.0,0.85,1
60,165,course_4,module_57,16.0,20.0,0.8,1
60,166,course_4,module_57,15.0,20.0,0.75,1
60,167,course_4,module_58,16.0,20.0,0.8,1
60,168,course_4,module_58,17.0,20.0,0.85,1
60,169,course_4,module_58,15.0,20.0,0.75,1
60,170,course_4,module_58,16.0,20.0,0.8,1
60,171,course_4,module_58,17.0,20.0,0.85,1
60,172,course_4,module_58,15.0,20.0,0.75,1
60,173,course_4,module_58,16.0,20.0,0.8,1
60,174,course_4,module_58,16.0,20.0,0.8,1
60,175,course_4,module_58,17.0,20.0,0.85,1
60,176,course_4,module_58,16.0,20.0,0.8,1
60,177,course_4,module_58,18.0,20.0,0.9,1
60,178,course_4,module_59,18.0,20.0,0.9,1
60,179,course_4,module_59,18.0,20.0,0.9,1
60,180,course_4,module_59,18.0,20.0,0.9,1
60,181,course_4,module_59,18.0,20.0,0.9,1
60,182,course_4,module_59,19.0,20.0,0.95,1
60,183,course_4,module_59,18.0,20.0,0.9,1
60,184,course_4,module_59,18.0,20.0,0.9,1
60,185,course_4,module_59,18.0,20.0,0.9,1
60,186,course_4,module_59,19.0,20.0,0.95,1
60,187,course_4,module_59,18.0,20.0,0.9,1
60,256,course_4,module_66,19.0,20.0,0.95,1
60,257,course_4,module_66,19.0,20.0,0.95,1
60,258,course_4,module_66,18.0,20.0,0.9,1
60,259,course_4,module_66,18.0,20.0,0.9,1
60,260,course_4,module_66,19.0,20.0,0.95,1
60,261,course_4,module_66,18.0,20.0,0.9,1
60,262,course_4,module_66,19.0,20.0,0.95,1
60,263,course_4,module_66,19.0,20.0,0.95,1
60,264,course_4,module_66,18.0,20.0,0.9,1
61,153,course_4,module_56,15.0,20.0,0.75,1
61,156,course_4,module_56,13.0,20.0,0.65,1
61,157,course_4,module_56,12.0,20.0,0.6,1
61,158,course_4,module_56,16.0,20.0,0.8,1
61,159,course_4,module_56,14.0,20.0,0.7,1
61,178,course_4,module_59,14.0,20.0,0.7,1
61,179,course_4,module_59,14.0,20.0,0.7,1
61,180,course_4,module_59,13.0,20.0,0.65,1
61,184,course_4,module_59,15.0,20.0,0.75,1
61,185,course_4,module_59,15.0,20.0,0.75,1
61,186,course_4,module_59,15.0,20.0,0.75,1
61,187,course_4,module_59,15.0,20.0,0.75,1
62,70,course_4,module_46,18.0,20.0,0.9,1
62,71,course_4,module_46,16.0,20.0,0.8,1
62,72,course_4,module_46,17.0,20.0,0.85,1
62,74,course_4,module_46,16.0,20.0,0.8,1
62,75,course_4,module_46,15.0,20.0,0.75,1
62,76,course_4,module_46,15.0,20.0,0.75,1
62,77,course_4,module_46,17.0,20.0,0.85,1
62,78,course_4,module_46,16.0,20.0,0.8,1
62,81,course_4,module_46,17.0,20.0,0.85,1
62,95,course_4,module_48,17.0,20.0,0.85,1
62,96,course_4,module_48,19.0,20.0,0.95,1
62,97,course_4,module_48,16.0,20.0,0.8,1
62,98,course_4,module_48,18.0,20.0,0.9,1
62,99,course_4,module_48,16.0,20.0,0.8,1
62,100,course_4,module_48,16.0,20.0,0.8,1
62,101,course_4,module_48,18.0,20.0,0.9,1
62,102,course_4,module_48,17.0,20.0,0.85,1
62,103,course_4,module_48,16.0,20.0,0.8,1
62,104,course_4,module_49,16.0,20.0,0.8,1
62,105,course_4,module_49,15.0,20.0,0.75,1
62,106,course_4,module_49,15.0,20.0,0.75,1
62,107,course_4,module_49,16.0,20.0,0.8,1
62,108,course_4,module_49,18.0,20.0,0.9,1
62,109,course_4,module_49,15.0,20.0,0.75,1
62,110,course_4,module_49,16.0,20.0,0.8,1
62,111,course_4,module_49,15.0,20.0,0.75,1
62,153,course_4,module_56,16.0,20.0,0.8,1
62,154,course_4,module_56,15.0,20.0,0.75,1
62,155,course_4,module_56,16.0,20.0,0.8,1
62,156,course_4,module_56,16.0,20.0,0.8,1
62,157,course_4,module_56,17.0,20.0,0.85,1
62,158,course_4,module_56,16.0,20.0,0.8,1
62,159,course_4,module_56,17.0,20.0,0.85,1
62,160,course_4,module_56,18.0,20.0,0.9,1
62,161,course_4,module_57,17.0,20.0,0.85,2
62,163,course_4,module_57,16.0,20.0,0.8,1
62,164,course_4,module_57,16.0,20.0,0.8,1
62,165,course_4,module_57,17.0,20.0,0.85,1
62,166,course_4,module_57,18.0,20.0,0.9,1
62,167,course_4,module_58,16.0,20.0,0.8,1
62,168,course_4,module_58,16.0,20.0,0.8,1
62,169,course_4,module_58,15.0,20.0,0.75,1
62,170,course_4,module_58,16.0,20.0,0.8,1
62,171,course_4,module_58,15.0,20.0,0.75,1
62,172,course_4,module_58,17.0,20.0,0.85,1
62,173,course_4,module_58,16.0,20.0,0.8,1
62,174,course_4,module_58,16.0,20.0,0.8,1
62,175,course_4,module_58,16.0,20.0,0.8,1
62,176,course_4,module_58,16.0,20.0,0.8,1
62,177,course_4,module_58,17.0,20.0,0.85,1
62,178,course_4,module_59,16.0,20.0,0.8,1
62,179,course_4,module_59,15.0,20.0,0.75,1
62,180,course_4,module_59,17.0,20.0,0.85,1
62,181,course_4,module_59,16.0,20.0,0.8,1
62,182,course_4,module_59,16.0,20.0,0.8,1
62,183,course_4,module_59,17.0,20.0,0.85,1
62,184,course_4,module_59,17.0,20.0,0.85,1
62,185,course_4,module_59,15.0,20.0,0.75,1
62,186,course_4,module_59,17.0,20.0,0.85,1
62,187,course_4,module_59,16.0,20.0,0.8,1
62,256,course_4,module_66,19.0,20.0,0.95,2
62,257,course_4,module_66,15.0,20.0,0.75,1
62,258,course_4,module_66,15.0,20.0,0.75,1
62,259,course_4,module_66,17.0,20.0,0.85,1
62,260,course_4,module_66,17.0,20.0,0.85,1
62,261,course_4,module_66,15.0,20.0,0.75,1
62,262,course_4,module_66,16.0,20.0,0.8,1
62,263,course_4,module_66,17.0,20.0,0.85,1
62,264,course_4,module_66,17.0,20.0,0.85,1
63,70,course_4,module_46,18.0,20.0,0.9,1
63,71,course_4,module_46,20.0,20.0,1.0,1
63,72,course_4,module_46,18.0,20.0,0.9,1
63,73,course_4,module_46,18.0,20.0,0.9,1
63,74,course_4,module_46,18.0,20.0,0.9,1
63,75,course_4,module_46,18.0,20.0,0.9,1
63,76,course_4,module_46,18.0,20.0,0.9,1
63,77,course_4,module_46,18.0,20.0,0.9,1
63,78,course_4,module_46,18.0,20.0,0.9,1
63,79,course_4,module_46,18.0,20.0,0.9,1
63,80,course_4,module_46,19.0,20.0,0.95,1
63,81,course_4,module_46,18.0,20.0,0.9,1
63,95,course_4,module_48,18.0,20.0,0.9,1
63,96,course_4,module_48,18.0,20.0,0.9,1
63,97,course_4,module_48,19.0,20.0,0.95,1
63,98,course_4,module_48,18.0,20.0,0.9,1
63,99,course_4,module_48,19.0,20.0,0.95,1
63,100,course_4,module_48,19.0,20.0,0.95,1
63,101,course_4,module_48,19.0,20.0,0.95,1
63,102,course_4,module_48,18.0,20.0,0.9,1
63,103,course_4,module_48,19.0,20.0,0.95,1
63,104,course_4,module_49,18.0,20.0,0.9,1
63,105,course_4,module_49,19.0,20.0,0.95,1
63,106,course_4,module_49,18.0,20.0,0.9,1
63,107,course_4,module_49,18.0,20.0,0.9,1
63,108,course_4,module_49,18.0,20.0,0.9,1
63,109,course_4,module_49,18.0,20.0,0.9,1
63,110,course_4,module_49,19.0,20.0,0.95,1
63,111,course_4,module_49,19.0,20.0,0.95,1
63,153,course_4,module_56,16.0,20.0,0.8,1
63,154,course_4,module_56,15.0,20.0,0.75,1
63,155,course_4,module_56,15.0,20.0,0.75,1
63,156,course_4,module_56,17.0,20.0,0.85,1
63,157,course_4,module_56,17.0,20.0,0.85,1
63,158,course_4,module_56,15.0,20.0,0.75,1
63,159,course_4,module_56,17.0,20.0,0.85,1
63,160,course_4,module_56,17.0,20.0,0.85,1
63,161,course_4,module_57,17.0,20.0,0.85,2
63,163,course_4,module_57,16.0,20.0,0.8,1
63,164,course_4,module_57,17.0,20.0,0.85,1
63,165,course_4,module_57,15.0,20.0,0.75,1
63,166,course_4,module_57,16.0,20.0,0.8,1
63,167,course_4,module_58,16.0,20.0,0.8,1
63,168,course_4,module_58,17.0,20.0,0.85,1
63,170,course_4,module_58,15.0,20.0,0.75,1
63,173,course_4,module_58,16.0,20.0,0.8,1
63,175,course_4,module_58,17.0,20.0,0.85,1
63,177,course_4,module_58,18.0,20.0,0.9,1
63,178,course_4,module_59,18.0,20.0,0.9,1
63,179,course_4,module_59,19.0,20.0,0.95,1
63,180,course_4,module_59,19.0,20.0,0.95,1
63,181,course_4,module_59,18.0,20.0,0.9,1
63,182,course_4,module_59,19.0,20.0,0.95,1
63,183,course_4,module_59,18.0,20.0,0.9,1
63,184,course_4,module_59,18.0,20.0,0.9,1
63,185,course_4,module_59,18.0,20.0,0.9,1
63,186,course_4,module_59,18.0,20.0,0.9,1
63,187,course_4,module_59,18.0,20.0,0.9,1
63,256,course_4,module_66,18.0,20.0,0.9,1
63,257,course_4,module_66,18.0,20.0,0.9,1
63,258,course_4,module_66,19.0,20.0,0.95,1
63,259,course_4,module_66,19.0,20.0,0.95,1
63,260,course_4,module_66,19.0,20.0,0.95,1
63,261,course_4,module_66,18.0,20.0,0.9,1
63,262,course_4,module_66,18.0,20.0,0.9,1
63,263,course_4,module_66,19.0,20.0,0.95,1
63,264,course_4,module_66,18.0,20.0,0.9,1
64,70,course_4,module_46,13.0,20.0,0.65,1
64,71,course_4,module_46,16.0,20.0,0.8,1
64,72,course_4,module_46,13.0,20.0,0.65,1
64,73,course_4,module_46,15.0,20.0,0.75,1
64,74,course_4,module_46,16.0,20.0,0.8,1
64,75,course_4,module_46,14.0,20.0,0.7,1
64,76,course_4,module_46,14.0,20.0,0.7,1
64,77,course_4,module_46,14.0,20.0,0.7,1
64,78,course_4,module_46,15.0,20.0,0.75,1
64,79,course_4,module_46,13.0,20.0,0.65,1
64,80,course_4,module_46,15.0,20.0,0.75,1
64,81,course_4,module_46,14.0,20.0,0.7,1
64,96,course_4,module_48,13.0,20.0,0.65,1
64,97,course_4,module_48,16.0,20.0,0.8,1
64,98,course_4,module_48,15.0,20.0,0.75,1
64,102,course_4,module_48,15.0,20.0,0.75,1
64,103,course_4,module_48,14.0,20.0,0.7,1
64,104,course_4,module_49,13.0,20.0,0.65,1
64,105,course_4,module_49,14.0,20.0,0.7,1
64,106,course_4,module_49,14.0,20.0,0.7,1
64,108,course_4,module_49,13.0,20.0,0.65,1
64,109,course_4,module_49,14.0,20.0,0.7,1
64,110,course_4,module_49,13.0,20.0,0.65,1
64,111,course_4,module_49,13.0,20.0,0.65,1
64,153,course_4,module_56,18.0,20.0,0.9,1
64,154,course_4,module_56,19.0,20.0,0.95,1
64,155,course_4,module_56,19.0,20.0,0.95,1
64,156,course_4,module_56,19.0,20.0,0.95,1
64,157,course_4,module_56,18.0,20.0,0.9,1
64,158,course_4,module_56,19.0,20.0,0.95,1
64,159,course_4,module_56,19.0,20.0,0.95,1
64,160,course_4,module_56,18.0,20.0,0.9,1
64,161,course_4,module_57,18.0,20.0,0.9,2
64,163,course_4,module_57,19.0,20.0,0.95,1
64,164,course_4,module_57,19.0,20.0,0.95,1
64,165,course_4,module_57,19.0,20.0,0.95,1
64,166,course_4,module_57,18.0,20.0,0.9,1
64,167,course_4,module_58,18.0,20.0,0.9,1
64,168,course_4,module_58,18.0,20.0,0.9,1
64,169,course_4,module_58,18.0,20.0,0.9,1
64,170,course_4,module_58,18.0,20.0,0.9,1
64,171,course_4,module_58,19.0,20.0,0.95,1
64,172,course_4,module_58,18.0,20.0,0.9,1
64,173,course_4,module_58,20.0,20.0,1.0,1
64,174,course_4,module_58,18.0,20.0,0.9,1
64,175,course_4,module_58,19.0,20.0,0.95,1
64,176,course_4,module_58,19.0,20.0,0.95,1
64,177,course_4,module_58,19.0,20.0,0.95,1
64,178,course_4,module_59,16.0,20.0,0.8,1
64,179,course_4,module_59,15.0,20.0,0.75,1
64,180,course_4,module_59,16.0,20.0,0.8,1
64,181,course_4,module_59,13.0,20.0,0.65,1
64,182,course_4,module_59,13.0,20.0,0.65,1
64,183,course_4,module_59,15.0,20.0,0.75,1
64,184,course_4,module_59,17.0,20.0,0.85,1
64,185,course_4,module_59,13.0,20.0,0.65,1
64,186,course_4,module_59,14.0,20.0,0.7,1
64,187,course_4,module_59,15.0,20.0,0.75,1
64,256,course_4,module_66,15.0,20.0,0.75,1
64,257,course_4,module_66,13.0,20.0,0.65,1
64,258,course_4,module_66,13.0,20.0,0.65,1
64,259,course_4,module_66,17.0,20.0,0.85,1
64,260,course_4,module_66,13.0,20.0,0.65,1
64,261,course_4,module_66,12.0,20.0,0.6,1
64,262,course_4,module_66,15.0,20.0,0.75,1
65,70,course_4,module_46,16.0,20.0,0.8,1
65,71,course_4,module_46,16.0,20.0,0.8,1
65,72,course_4,module_46,16.0,20.0,0.8,1
65,73,course_4,module_46,16.0,20.0,0.8,1
65,74,course_4,module_46,17.0,20.0,0.85,1
65,75,course_4,module_46,15.0,20.0,0.75,1
65,76,course_4,module_46,18.0,20.0,0.9,1
65,77,course_4,module_46,16.0,20.0,0.8,1
65,78,course_4,module_46,18.0,20.0,0.9,1
65,79,course_4,module_46,16.0,20.0,0.8,1
65,80,course_4,module_46,16.0,20.0,0.8,1
65,81,course_4,module_46,18.0,20.0,0.9,1
65,95,course_4,module_48,16.0,20.0,0.8,1
65,96,course_4,module_48,16.0,20.0,0.8,1
65,97,course_4,module_48,15.0,20.0,0.75,1
65,98,course_4,module_48,16.0,20.0,0.8,1
65,99,course_4,module_48,15.0,20.0,0.75,1
65,100,course_4,module_48,15.0,20.0,0.75,1
65,101,course_4,module_48,16.0,20.0,0.8,1
65,102,course_4,module_48,15.0,20.0,0.75,1
65,103,course_4,module_48,16.0,20.0,0.8,1
65,104,course_4,module_49,18.0,20.0,0.9,1
65,105,course_4,module_49,15.0,20.0,0.75,1
65,106,course_4,module_49,15.0,20.0,0.75,1
65,107,course_4,module_49,16.0,20.0,0.8,1
65,108,course_4,module_49,16.0,20.0,0.8,1
65,109,course_4,module_49,16.0,20.0,0.8,1
65,110,course_4,module_49,17.0,20.0,0.85,1
65,111,course_4,module_49,15.0,20.0,0.75,1
65,153,course_4,module_56,19.0,20.0,0.95,1
65,154,course_4,module_56,18.0,20.0,0.9,1
65,155,course_4,module_56,18.0,20.0,0.9,1
65,156,course_4,module_56,20.0,20.0,1.0,1
65,157,course_4,module_56,19.0,20.0,0.95,1
65,158,course_4,module_56,19.0,20.0,0.95,1
65,159,course_4,module_56,19.0,20.0,0.95,1
65,160,course_4,module_56,19.0,20.0,0.95,1
65,161,course_4,module_57,18.0,20.0,0.9,2
65,163,course_4,module_57,18.0,20.0,0.9,1
65,164,course_4,module_57,18.0,20.0,0.9,1
65,165,course_4,module_57,20.0,20.0,1.0,1
65,166,course_4,module_57,18.0,20.0,0.9,1
65,167,course_4,module_58,18.0,20.0,0.9,1
65,168,course_4,module_58,18.0,20.0,0.9,1
65,169,course_4,module_58,18.0,20.0,0.9,1
65,170,course_4,module_58,19.0,20.0,0.95,1
65,171,course_4,module_58,19.0,20.0,0.95,1
65,172,course_4,module_58,18.0,20.0,0.9,1
65,173,course_4,module_58,20.0,20.0,1.0,1
65,174,course_4,module_58,18.0,20.0,0.9,1
65,175,course_4,module_58,19.0,20.0,0.95,1
65,176,course_4,module_58,18.0,20.0,0.9,1
65,177,course_4,module_58,19.0,20.0,0.95,1
65,178,course_4,module_59,16.0,20.0,0.8,1
65,179,course_4,module_59,16.0,20.0,0.8,1
65,180,course_4,module_59,17.0,20.0,0.85,1
65,181,course_4,module_59,18.0,20.0,0.9,1
65,182,course_4,module_59,16.0,20.0,0.8,1
65,183,course_4,module_59,19.0,20.0,0.95,1
65,184,course_4,module_59,17.0,20.0,0.85,1
65,185,course_4,module_59,16.0,20.0,0.8,1
65,186,course_4,module_59,15.0,20.0,0.75,1
65,187,course_4,module_59,16.0,20.0,0.8,1
65,256,course_4,module_66,16.0,20.0,0.8,1
65,257,course_4,module_66,16.0,20.0,0.8,1
65,258,course_4,module_66,15.0,20.0,0.75,1
65,259,course_4,module_66,15.0,20.0,0.75,1
65,260,course_4,module_66,15.0,20.0,0.75,1
65,261,course_4,module_66,17.0,20.0,0.85,1
65,262,course_4,module_66,15.0,20.0,0.75,1
65,263,course_4,module_66,16.0,20.0,0.8,1
65,264,course_4,module_66,17.0,20.0,0.85,1
66,70,course_4,module_46,15.0,20.0,0.75,1
66,71,course_4,module_46,14.0,20.0,0.7,1
66,72,course_4,module_46,15.0,20.0,0.75,1
66,73,course_4,module_46,16.0,20.0,0.8,1
66,74,course_4,module_46,13.0,20.0,0.65,1
66,75,course_4,module_46,14.0,20.0,0.7,1
66,76,course_4,module_46,13.0,20.0,0.65,1
66,77,course_4,module_46,14.0,20.0,0.7,1
66,78,course_4,module_46,15.0,20.0,0.75,1
66,79,course_4,module_46,12.0,20.0,0.6,1
66,80,course_4,module_46,14.0,20.0,0.7,1
66,81,course_4,module_46,13.0,20.0,0.65,1
66,95,course_4,module_48,14.0,20.0,0.7,1
66,96,course_4,module_48,13.0,20.0,0.65,1
66,97,course_4,module_48,14.0,20.0,0.7,1
66,98,course_4,module_48,16.0,20.0,0.8,1
66,99,course_4,module_48,14.0,20.0,0.7,1
66,100,course_4,module_48,14.0,20.0,0.7,1
66,101,course_4,module_48,13.0,20.0,0.65,1
66,102,course_4,module_48,13.0,20.0,0.65,1
66,103,course_4,module_48,12.0,20.0,0.6,1
66,104,course_4,module_49,14.0,20.0,0.7,1
66,105,course_4,module_49,14.0,20.0,0.7,1
66,106,course_4,module_49,15.0,20.0,0.75,1
66,107,course_4,module_49,14.0,20.0,0.7,1
66,108,course_4,module_49,12.0,20.0,0.6,1
66,109,course_4,module_49,13.0,20.0,0.65,1
66,110,course_4,module_49,12.0,20.0,0.6,1
66,111,course_4,module_49,15.0,20.0,0.75,1
66,153,course_4,module_56,14.0,20.0,0.7,1
66,154,course_4,module_56,16.0,20.0,0.8,1
66,155,course_4,module_56,14.0,20.0,0.7,1
66,156,course_4,module_56,13.0,20.0,0.65,1
66,157,course_4,module_56,14.0,20.0,0.7,1
66,158,course_4,module_56,15.0,20.0,0.75,1
66,159,course_4,module_56,13.0,20.0,0.65,1
66,160,course_4,module_56,13.0,20.0,0.65,1
66,161,course_4,module_57,15.0,20.0,0.75,2
66,163,course_4,module_57,13.0,20.0,0.65,1
66,164,course_4,module_57,13.0,20.0,0.65,1
66,165,course_4,module_57,17.0,20.0,0.85,1
66,166,course_4,module_57,14.0,20.0,0.7,1
66,167,course_4,module_58,12.0,20.0,0.6,1
66,168,course_4,module_58,12.0,20.0,0.6,1
66,169,course_4,module_58,12.0,20.0,0.6,1
66,170,course_4,module_58,14.0,20.0,0.7,1
66,171,course_4,module_58,13.0,20.0,0.65,1
66,172,course_4,module_58,13.0,20.0,0.65,1
66,173,course_4,module_58,13.0,20.0,0.65,1
66,174,course_4,module_58,15.0,20.0,0.75,1
66,175,course_4,module_58,14.0,20.0,0.7,1
66,176,course_4,module_58,13.0,20.0,0.65,1
66,177,course_4,module_58,14.0,20.0,0.7,1
66,178,course_4,module_59,13.0,20.0,0.65,1
66,179,course_4,module_59,14.0,20.0,0.7,1
66,180,course_4,module_59,15.0,20.0,0.75,1
66,181,course_4,module_59,14.0,20.0,0.7,1
66,182,course_4,module_59,14.0,20.0,0.7,1
66,183,course_4,module_59,16.0,20.0,0.8,1
66,184,course_4,module_59,14.0,20.0,0.7,1
66,185,course_4,module_59,12.0,20.0,0.6,1
66,186,course_4,module_59,14.0,20.0,0.7,1
66,187,course_4,module_59,15.0,20.0,0.75,1
66,256,course_4,module_66,15.0,20.0,0.75,1
66,257,course_4,module_66,14.0,20.0,0.7,1
66,258,course_4,module_66,13.0,20.0,0.65,1
66,259,course_4,module_66,15.0,20.0,0.75,1
66,260,course_4,module_66,16.0,20.0,0.8,1
66,261,course_4,module_66,13.0,20.0,0.65,1
66,262,course_4,module_66,13.0,20.0,0.65,1
66,263,course_4,module_66,12.0,20.0,0.6,1
66,264,course_4,module_66,13.0,20.0,0.65,1
69,153,course_4,module_56,16.0,20.0,0.8,1
69,154,course_4,module_56,17.0,20.0,0.85,1
69,155,course_4,module_56,15.0,20.0,0.75,1
69,156,course_4,module_56,16.0,20.0,0.8,1
69,157,course_4,module_56,17.0,20.0,0.85,1
69,158,course_4,module_56,15.0,20.0,0.75,1
69,159,course_4,module_56,17.0,20.0,0.85,1
69,160,course_4,module_56,16.0,20.0,0.8,1
69,161,course_4,module_57,16.0,20.0,0.8,2
69,163,course_4,module_57,18.0,20.0,0.9,1
69,164,course_4,module_57,16.0,20.0,0.8,1
69,165,course_4,module_57,17.0,20.0,0.85,1
69,166,course_4,module_57,17.0,20.0,0.85,1
69,215,course_4,module_62,17.0,20.0,0.85,1
69,216,course_4,module_62,16.0,20.0,0.8,1
69,217,course_4,module_62,15.0,20.0,0.75,1
69,218,course_4,module_62,16.0,20.0,0.8,1
69,219,course_4,module_62,17.0,20.0,0.85,1
69,220,course_4,module_62,16.0,20.0,0.8,1
69,221,course_4,module_62,18.0,20.0,0.9,1
69,222,course_4,module_62,17.0,20.0,0.85,1
69,223,course_4,module_62,17.0,20.0,0.85,1
70,153,course_4,module_56,18.0,20.0,0.9,1
70,154,course_4,module_56,19.0,20.0,0.95,1
70,155,course_4,module_56,19.0,20.0,0.95,1
70,156,course_4,module_56,18.0,20.0,0.9,1
70,157,course_4,module_56,18.0,20.0,0.9,1
70,158,course_4,module_56,20.0,20.0,1.0,1
70,159,course_4,module_56,18.0,20.0,0.9,1
70,160,course_4,module_56,18.0,20.0,0.9,1
70,161,course_4,module_57,18.0,20.0,0.9,2
70,163,course_4,module_57,19.0,20.0,0.95,1
70,164,course_4,module_57,18.0,20.0,0.9,1
70,165,course_4,module_57,18.0,20.0,0.9,1
70,166,course_4,module_57,18.0,20.0,0.9,1
70,167,course_4,module_58,19.0,20.0,0.95,1
70,168,course_4,module_58,19.0,20.0,0.95,1
70,169,course_4,module_58,19.0,20.0,0.95,1
70,170,course_4,module_58,19.0,20.0,0.95,1
70,171,course_4,module_58,19.0,20.0,0.95,1
70,172,course_4,module_58,19.0,20.0,0.95,1
70,173,course_4,module_58,19.0,20.0,0.95,1
70,174,course_4,module_58,19.0,20.0,0.95,1
70,175,course_4,module_58,18.0,20.0,0.9,1
70,176,course_4,module_58,18.0,20.0,0.9,1
70,177,course_4,module_58,18.0,20.0,0.9,1
70,178,course_4,module_59,19.0,20.0,0.95,1
70,179,course_4,module_59,19.0,20.0,0.95,1
70,180,course_4,module_59,19.0,20.0,0.95,1
70,181,course_4,module_59,19.0,20.0,0.95,1
70,182,course_4,module_59,18.0,20.0,0.9,1
70,183,course_4,module_59,19.0,20.0,0.95,1
70,184,course_4,module_59,18.0,20.0,0.9,1
70,185,course_4,module_59,18.0,20.0,0.9,1
70,186,course_4,module_59,18.0,20.0,0.9,1
70,187,course_4,module_59,18.0,20.0,0.9,1
70,188,course_4,module_60,18.0,20.0,0.9,1
70,189,course_4,module_60,19.0,20.0,0.95,1
70,190,course_4,module_60,19.0,20.0,0.95,1
70,191,course_4,module_60,18.0,20.0,0.9,1
70,192,course_4,module_60,18.0,20.0,0.9,1
70,193,course_4,module_60,18.0,20.0,0.9,1
70,194,course_4,module_60,18.0,40.0,0.45,1
70,195,course_4,module_60,19.0,40.0,0.475,1
70,196,course_4,module_60,18.0,20.0,0.9,1
70,197,course_4,module_60,20.0,20.0,1.0,1
70,198,course_4,module_60,19.0,20.0,0.95,1
70,199,course_4,module_60,19.0,20.0,0.95,1
70,215,course_4,module_62,19.0,20.0,0.95,1
70,216,course_4,module_62,19.0,20.0,0.95,1
70,217,course_4,module_62,18.0,20.0,0.9,1
70,218,course_4,module_62,19.0,20.0,0.95,1
70,219,course_4,module_62,18.0,20.0,0.9,1
70,220,course_4,module_62,19.0,20.0,0.95,1
70,221,course_4,module_62,18.0,20.0,0.9,1
70,222,course_4,module_62,18.0,20.0,0.9,1
70,223,course_4,module_62,19.0,20.0,0.95,1
70,224,course_4,module_63,19.0,20.0,0.95,1
70,225,course_4,module_63,18.0,20.0,0.9,1
70,226,course_4,module_63,18.0,20.0,0.9,1
70,227,course_4,module_63,18.0,20.0,0.9,1
70,228,course_4,module_63,19.0,20.0,0.95,1
70,229,course_4,module_63,20.0,20.0,1.0,1
70,230,course_4,module_63,18.0,20.0,0.9,1
70,231,course_4,module_63,18.0,20.0,0.9,1
70,232,course_4,module_64,18.0,20.0,0.9,1
70,233,course_4,module_64,19.0,20.0,0.95,1
70,234,course_4,module_64,18.0,20.0,0.9,1
70,235,course_4,module_64,19.0,20.0,0.95,1
70,236,course_4,module_64,18.0,20.0,0.9,1
70,237,course_4,module_64,18.0,20.0,0.9,1
70,238,course_4,module_64,19.0,20.0,0.95,1
70,239,course_4,module_64,18.0,20.0,0.9,1
70,240,course_4,module_64,18.0,20.0,0.9,1
70,241,course_4,module_64,20.0,20.0,1.0,1
70,242,course_4,module_64,19.0,20.0,0.95,1
70,243,course_4,module_64,19.0,20.0,0.95,1
70,244,course_4,module_64,19.0,20.0,0.95,1
70,245,course_4,module_64,19.0,20.0,0.95,1
70,246,course_4,module_64,18.0,20.0,0.9,1
71,70,course_4,module_46,18.0,20.0,0.9,1
71,71,course_4,module_46,18.0,20.0,0.9,1
71,72,course_4,module_46,18.0,20.0,0.9,1
71,73,course_4,module_46,19.0,20.0,0.95,1
71,74,course_4,module_46,18.0,20.0,0.9,1
71,75,course_4,module_46,18.0,20.0,0.9,1
71,76,course_4,module_46,19.0,20.0,0.95,1
71,77,course_4,module_46,19.0,20.0,0.95,1
71,78,course_4,module_46,18.0,20.0,0.9,1
71,79,course_4,module_46,18.0,20.0,0.9,1
71,80,course_4,module_46,18.0,20.0,0.9,1
71,81,course_4,module_46,19.0,20.0,0.95,1
71,86,course_4,module_47,18.0,20.0,0.9,1
71,87,course_4,module_47,19.0,20.0,0.95,1
71,88,course_4,module_47,18.0,20.0,0.9,1
71,89,course_4,module_47,18.0,20.0,0.9,1
71,90,course_4,module_47,18.0,20.0,0.9,1
71,91,course_4,module_47,18.0,20.0,0.9,1
71,92,course_4,module_47,19.0,20.0,0.95,1
71,93,course_4,module_47,19.0,20.0,0.95,1
71,94,course_4,module_47,18.0,20.0,0.9,1
71,95,course_4,module_48,20.0,20.0,1.0,1
71,96,course_4,module_48,18.0,20.0,0.9,1
71,97,course_4,module_48,19.0,20.0,0.95,1
71,98,course_4,module_48,20.0,20.0,1.0,1
71,99,course_4,module_48,18.0,20.0,0.9,1
71,100,course_4,module_48,18.0,20.0,0.9,1
71,101,course_4,module_48,18.0,20.0,0.9,1
71,102,course_4,module_48,19.0,20.0,0.95,1
71,103,course_4,module_48,18.0,20.0,0.9,1
71,153,course_4,module_56,19.0,20.0,0.95,1
71,154,course_4,module_56,19.0,20.0,0.95,1
71,155,course_4,module_56,19.0,20.0,0.95,1
71,156,course_4,module_56,19.0,20.0,0.95,1
71,157,course_4,module_56,19.0,20.0,0.95,1
71,158,course_4,module_56,19.0,20.0,0.95,1
71,159,course_4,module_56,19.0,20.0,0.95,1
71,160,course_4,module_56,19.0,20.0,0.95,1
71,161,course_4,module_57,19.0,20.0,0.95,2
71,163,course_4,module_57,18.0,20.0,0.9,1
71,164,course_4,module_57,19.0,20.0,0.95,1
71,165,course_4,module_57,19.0,20.0,0.95,1
71,166,course_4,module_57,20.0,20.0,1.0,1
71,167,course_4,module_58,18.0,20.0,0.9,1
71,168,course_4,module_58,20.0,20.0,1.0,1
71,169,course_4,module_58,19.0,20.0,0.95,1
71,170,course_4,module_58,18.0,20.0,0.9,1
71,171,course_4,module_58,18.0,20.0,0.9,1
71,172,course_4,module_58,18.0,20.0,0.9,1
71,173,course_4,module_58,19.0,20.0,0.95,1
71,174,course_4,module_58,18.0,20.0,0.9,1
71,175,course_4,module_58,19.0,20.0,0.95,1
71,176,course_4,module_58,18.0,20.0,0.9,1
71,177,course_4,module_58,19.0,20.0,0.95,1
71,178,course_4,module_59,19.0,20.0,0.95,1
71,179,course_4,module_59,19.0,20.0,0.95,1
71,180,course_4,module_59,18.0,20.0,0.9,1
71,181,course_4,module_59,18.0,20.0,0.9,1
71,182,course_4,module_59,18.0,20.0,0.9,1
71,183,course_4,module_59,18.0,20.0,0.9,1
71,184,course_4,module_59,18.0,20.0,0.9,1
71,185,course_4,module_59,18.0,20.0,0.9,1
71,186,course_4,module_59,19.0,20.0,0.95,1
71,187,course_4,module_59,19.0,20.0,0.95,1
71,188,course_4,module_60,18.0,20.0,0.9,1
71,189,course_4,module_60,19.0,20.0,0.95,1
71,190,course_4,module_60,19.0,20.0,0.95,1
71,191,course_4,module_60,19.0,20.0,0.95,1
71,192,course_4,module_60,19.0,20.0,0.95,1
71,193,course_4,module_60,18.0,20.0,0.9,1
71,194,course_4,module_60,19.0,40.0,0.475,1
71,195,course_4,module_60,19.0,40.0,0.475,1
71,196,course_4,module_60,19.0,20.0,0.95,1
71,197,course_4,module_60,18.0,20.0,0.9,1
71,198,course_4,module_60,18.0,20.0,0.9,1
71,199,course_4,module_60,18.0,20.0,0.9,1
71,200,course_4,module_61,19.0,20.0,0.95,1
71,201,course_4,module_61,19.0,20.0,0.95,1
71,202,course_4,module_61,18.0,20.0,0.9,1
71,203,course_4,module_61,19.0,20.0,0.95,1
71,204,course_4,module_61,19.0,20.0,0.95,1
71,205,course_4,module_61,19.0,20.0,0.95,1
71,206,course_4,module_61,19.0,20.0,0.95,1
71,207,course_4,module_61,18.0,20.0,0.9,1
71,208,course_4,module_61,18.0,20.0,0.9,1
71,209,course_4,module_61,19.0,20.0,0.95,1
71,210,course_4,module_61,18.0,20.0,0.9,1
71,211,course_4,module_61,19.0,20.0,0.95,1
71,212,course_4,module_61,18.0,20.0,0.9,1
71,213,course_4,module_61,18.0,20.0,0.9,1
71,214,course_4,module_61,19.0,20.0,0.95,1
71,215,course_4,module_62,19.0,20.0,0.95,1
71,216,course_4,module_62,19.0,20.0,0.95,1
71,217,course_4,module_62,19.0,20.0,0.95,1
71,218,course_4,module_62,18.0,20.0,0.9,1
71,219,course_4,module_62,19.0,20.0,0.95,1
71,220,course_4,module_62,19.0,20.0,0.95,1
71,221,course_4,module_62,18.0,20.0,0.9,1
71,222,course_4,module_62,18.0,20.0,0.9,1
71,223,course_4,module_62,18.0,20.0,0.9,1
71,224,course_4,module_63,19.0,20.0,0.95,1
71,225,course_4,module_63,18.0,20.0,0.9,1
71,226,course_4,module_63,18.0,20.0,0.9,1
71,227,course_4,module_63,19.0,20.0,0.95,1
71,228,course_4,module_63,18.0,20.0,0.9,1
71,229,course_4,module_63,18.0,20.0,0.9,1
71,230,course_4,module_63,20.0,20.0,1.0,1
71,231,course_4,module_63,19.0,20.0,0.95,1
71,232,course_4,module_64,18.0,20.0,0.9,1
71,233,course_4,module_64,19.0,20.0,0.95,1
71,234,course_4,module_64,18.0,20.0,0.9,1
71,235,course_4,module_64,18.0,20.0,0.9,1
71,236,course_4,module_64,19.0,20.0,0.95,1
71,237,course_4,module_64,18.0,20.0,0.9,1
71,238,course_4,module_64,18.0,20.0,0.9,1
71,239,course_4,module_64,18.0,20.0,0.9,1
71,240,course_4,module_64,19.0,20.0,0.95,1
71,241,course_4,module_64,18.0,20.0,0.9,1
71,242,course_4,module_64,19.0,20.0,0.95,1
71,243,course_4,module_64,19.0,20.0,0.95,1
71,244,course_4,module_64,18.0,20.0,0.9,1
71,245,course_4,module_64,19.0,20.0,0.95,1
71,246,course_4,module_64,19.0,20.0,0.95,1
71,247,course_4,module_65,18.0,20.0,0.9,1
71,248,course_4,module_65,19.0,20.0,0.95,1
71,249,course_4,module_65,19.0,20.0,0.95,1
71,250,course_4,module_65,18.0,20.0,0.9,1
71,251,course_4,module_65,18.0,20.0,0.9,1
71,252,course_4,module_65,19.0,20.0,0.95,1
71,253,course_4,module_65,2.0,18.0,0.1111111111111111,1
71,254,course_4,module_65,18.0,20.0,0.9,1
71,255,course_4,module_65,19.0,20.0,0.95,1
71,256,course_4,module_66,19.0,20.0,0.95,1
71,257,course_4,module_66,18.0,20.0,0.9,1
71,258,course_4,module_66,18.0,20.0,0.9,1
71,259,course_4,module_66,18.0,20.0,0.9,1
71,260,course_4,module_66,18.0,20.0,0.9,1
71,261,course_4,module_66,19.0,20.0,0.95,1
71,262,course_4,module_66,18.0,20.0,0.9,1
71,263,course_4,module_66,18.0,20.0,0.9,1
71,264,course_4,module_66,19.0,20.0,0.95,1
71,265,course_4,module_67,19.0,20.0,0.95,1
71,266,course_4,module_67,18.0,20.0,0.9,1
71,267,course_4,module_67,18.0,20.0,0.9,1
71,268,course_4,module_67,18.0,20.0,0.9,1
71,269,course_4,module_67,18.0,20.0,0.9,1
71,270,course_4,module_68,18.0,20.0,0.9,2
71,271,course_4,module_68,20.0,20.0,1.0,2
71,272,course_4,module_68,19.0,20.0,0.95,2
71,273,course_4,module_68,18.0,20.0,0.9,2
71,274,course_4,module_68,19.0,20.0,0.95,2
71,275,course_4,module_68,20.0,20.0,1.0,2
71,276,course_4,module_69,18.0,20.0,0.9,1
71,277,course_4,module_69,19.0,20.0,0.95,1
71,282,course_4,module_69,19.0,20.0,0.95,1
71,283,course_4,module_69,18.0,20.0,0.9,1
71,286,course_4,module_69,18.0,20.0,0.9,1
71,287,course_4,module_69,19.0,20.0,0.95,1
71,288,course_4,module_69,18.0,20.0,0.9,1
71,289,course_4,module_69,18.0,20.0,0.9,1
